
Banff.elf:     file format elf32-avr

Sections:
Idx Name          Size      VMA       LMA       File off  Algn
  0 .text         000011ba  00000000  00000000  00000094  2**1
                  CONTENTS, ALLOC, LOAD, READONLY, CODE
  1 .data         00000010  00800060  000011ba  0000124e  2**0
                  CONTENTS, ALLOC, LOAD, DATA
  2 .bss          00000008  00800070  00800070  0000125e  2**0
                  ALLOC
  3 .stab         000006b4  00000000  00000000  00001260  2**2
                  CONTENTS, READONLY, DEBUGGING
  4 .stabstr      00000085  00000000  00000000  00001914  2**0
                  CONTENTS, READONLY, DEBUGGING
  5 .debug_aranges 00000160  00000000  00000000  00001999  2**0
                  CONTENTS, READONLY, DEBUGGING
  6 .debug_pubnames 00000249  00000000  00000000  00001af9  2**0
                  CONTENTS, READONLY, DEBUGGING
  7 .debug_info   00001fd5  00000000  00000000  00001d42  2**0
                  CONTENTS, READONLY, DEBUGGING
  8 .debug_abbrev 00000f53  00000000  00000000  00003d17  2**0
                  CONTENTS, READONLY, DEBUGGING
  9 .debug_line   00001587  00000000  00000000  00004c6a  2**0
                  CONTENTS, READONLY, DEBUGGING
 10 .debug_frame  00000210  00000000  00000000  000061f4  2**2
                  CONTENTS, READONLY, DEBUGGING
 11 .debug_str    00000400  00000000  00000000  00006404  2**0
                  CONTENTS, READONLY, DEBUGGING
 12 .debug_loc    00000a79  00000000  00000000  00006804  2**0
                  CONTENTS, READONLY, DEBUGGING
 13 .debug_pubtypes 00000593  00000000  00000000  0000727d  2**0
                  CONTENTS, READONLY, DEBUGGING
 14 .debug_ranges 00000030  00000000  00000000  00007810  2**0
                  CONTENTS, READONLY, DEBUGGING

Disassembly of section .text:

00000000 <__vectors>:
       0:	09 c0       	rjmp	.+18     	; 0x14 <__ctors_end>
       2:	21 c0       	rjmp	.+66     	; 0x46 <__bad_interrupt>
       4:	20 c0       	rjmp	.+64     	; 0x46 <__bad_interrupt>
       6:	1f c0       	rjmp	.+62     	; 0x46 <__bad_interrupt>
       8:	1e c0       	rjmp	.+60     	; 0x46 <__bad_interrupt>
       a:	1d c0       	rjmp	.+58     	; 0x46 <__bad_interrupt>
       c:	1c c0       	rjmp	.+56     	; 0x46 <__bad_interrupt>
       e:	1b c0       	rjmp	.+54     	; 0x46 <__bad_interrupt>
      10:	1a c0       	rjmp	.+52     	; 0x46 <__bad_interrupt>
      12:	19 c0       	rjmp	.+50     	; 0x46 <__bad_interrupt>

00000014 <__ctors_end>:
      14:	11 24       	eor	r1, r1
      16:	1f be       	out	0x3f, r1	; 63
      18:	cf e9       	ldi	r28, 0x9F	; 159
      1a:	cd bf       	out	0x3d, r28	; 61

0000001c <__do_copy_data>:
      1c:	10 e0       	ldi	r17, 0x00	; 0
      1e:	a0 e6       	ldi	r26, 0x60	; 96
      20:	b0 e0       	ldi	r27, 0x00	; 0
      22:	ea eb       	ldi	r30, 0xBA	; 186
      24:	f1 e1       	ldi	r31, 0x11	; 17
      26:	02 c0       	rjmp	.+4      	; 0x2c <__do_copy_data+0x10>
      28:	05 90       	lpm	r0, Z+
      2a:	0d 92       	st	X+, r0
      2c:	a0 37       	cpi	r26, 0x70	; 112
      2e:	b1 07       	cpc	r27, r17
      30:	d9 f7       	brne	.-10     	; 0x28 <__do_copy_data+0xc>

00000032 <__do_clear_bss>:
      32:	10 e0       	ldi	r17, 0x00	; 0
      34:	a0 e7       	ldi	r26, 0x70	; 112
      36:	b0 e0       	ldi	r27, 0x00	; 0
      38:	01 c0       	rjmp	.+2      	; 0x3c <.do_clear_bss_start>

0000003a <.do_clear_bss_loop>:
      3a:	1d 92       	st	X+, r1

0000003c <.do_clear_bss_start>:
      3c:	a8 37       	cpi	r26, 0x78	; 120
      3e:	b1 07       	cpc	r27, r17
      40:	e1 f7       	brne	.-8      	; 0x3a <.do_clear_bss_loop>
      42:	9c d2       	rcall	.+1336   	; 0x57c <main>
      44:	b8 c8       	rjmp	.-3728   	; 0xfffff1b6 <__eeprom_end+0xff7ef1b6>

00000046 <__bad_interrupt>:
      46:	dc cf       	rjmp	.-72     	; 0x0 <__vectors>

00000048 <rainbowfade>:

//Predefine function
void button(void);

char state2; //State in the rainbow fade progress
void rainbowfade(int n){
      48:	df 93       	push	r29
      4a:	cf 93       	push	r28
      4c:	00 d0       	rcall	.+0      	; 0x4e <rainbowfade+0x6>
      4e:	cd b7       	in	r28, 0x3d	; 61
      50:	de b7       	in	r29, 0x3e	; 62
      52:	9a 83       	std	Y+2, r25	; 0x02
      54:	89 83       	std	Y+1, r24	; 0x01
	//Go one step through a state machine that fades through the rainbow
	//n sets the step increment
	//255%n must equal 0
	if (state2==REDtoYELLOW) green+=n;
      56:	80 91 77 00 	lds	r24, 0x0077
      5a:	88 23       	and	r24, r24
      5c:	31 f4       	brne	.+12     	; 0x6a <rainbowfade+0x22>
      5e:	99 81       	ldd	r25, Y+1	; 0x01
      60:	80 91 73 00 	lds	r24, 0x0073
      64:	89 0f       	add	r24, r25
      66:	80 93 73 00 	sts	0x0073, r24
	if (state2==YELLOWtoGREEN) red-=n;
      6a:	80 91 77 00 	lds	r24, 0x0077
      6e:	81 30       	cpi	r24, 0x01	; 1
      70:	41 f4       	brne	.+16     	; 0x82 <rainbowfade+0x3a>
      72:	90 91 74 00 	lds	r25, 0x0074
      76:	89 81       	ldd	r24, Y+1	; 0x01
      78:	29 2f       	mov	r18, r25
      7a:	28 1b       	sub	r18, r24
      7c:	82 2f       	mov	r24, r18
      7e:	80 93 74 00 	sts	0x0074, r24
	if (state2==GREENtoCYAN) blue+=n;
      82:	80 91 77 00 	lds	r24, 0x0077
      86:	82 30       	cpi	r24, 0x02	; 2
      88:	31 f4       	brne	.+12     	; 0x96 <rainbowfade+0x4e>
      8a:	99 81       	ldd	r25, Y+1	; 0x01
      8c:	80 91 71 00 	lds	r24, 0x0071
      90:	89 0f       	add	r24, r25
      92:	80 93 71 00 	sts	0x0071, r24
	if (state2==CYANtoBLUE) green-=n;
      96:	80 91 77 00 	lds	r24, 0x0077
      9a:	83 30       	cpi	r24, 0x03	; 3
      9c:	41 f4       	brne	.+16     	; 0xae <__stack+0xf>
      9e:	90 91 73 00 	lds	r25, 0x0073
      a2:	89 81       	ldd	r24, Y+1	; 0x01
      a4:	29 2f       	mov	r18, r25
      a6:	28 1b       	sub	r18, r24
      a8:	82 2f       	mov	r24, r18
      aa:	80 93 73 00 	sts	0x0073, r24
	if (state2==BLUEtoVIOLET) red+=n;
      ae:	80 91 77 00 	lds	r24, 0x0077
      b2:	84 30       	cpi	r24, 0x04	; 4
      b4:	31 f4       	brne	.+12     	; 0xc2 <__stack+0x23>
      b6:	99 81       	ldd	r25, Y+1	; 0x01
      b8:	80 91 74 00 	lds	r24, 0x0074
      bc:	89 0f       	add	r24, r25
      be:	80 93 74 00 	sts	0x0074, r24
	if (state2==VIOLETtoRED) blue-=n;
      c2:	80 91 77 00 	lds	r24, 0x0077
      c6:	85 30       	cpi	r24, 0x05	; 5
      c8:	41 f4       	brne	.+16     	; 0xda <__stack+0x3b>
      ca:	90 91 71 00 	lds	r25, 0x0071
      ce:	89 81       	ldd	r24, Y+1	; 0x01
      d0:	29 2f       	mov	r18, r25
      d2:	28 1b       	sub	r18, r24
      d4:	82 2f       	mov	r24, r18
      d6:	80 93 71 00 	sts	0x0071, r24
	if  (red==V_MAX || green==V_MAX || blue==V_MAX || red==0 || green==0 || blue==0){
      da:	80 91 74 00 	lds	r24, 0x0074
      de:	8f 3f       	cpi	r24, 0xFF	; 255
      e0:	a1 f0       	breq	.+40     	; 0x10a <__stack+0x6b>
      e2:	80 91 73 00 	lds	r24, 0x0073
      e6:	8f 3f       	cpi	r24, 0xFF	; 255
      e8:	81 f0       	breq	.+32     	; 0x10a <__stack+0x6b>
      ea:	80 91 71 00 	lds	r24, 0x0071
      ee:	8f 3f       	cpi	r24, 0xFF	; 255
      f0:	61 f0       	breq	.+24     	; 0x10a <__stack+0x6b>
      f2:	80 91 74 00 	lds	r24, 0x0074
      f6:	88 23       	and	r24, r24
      f8:	41 f0       	breq	.+16     	; 0x10a <__stack+0x6b>
      fa:	80 91 73 00 	lds	r24, 0x0073
      fe:	88 23       	and	r24, r24
     100:	21 f0       	breq	.+8      	; 0x10a <__stack+0x6b>
     102:	80 91 71 00 	lds	r24, 0x0071
     106:	88 23       	and	r24, r24
     108:	69 f4       	brne	.+26     	; 0x124 <__stack+0x85>
		//Finished fading a color; move on to the next
		state2++;
     10a:	80 91 77 00 	lds	r24, 0x0077
     10e:	8f 5f       	subi	r24, 0xFF	; 255
     110:	80 93 77 00 	sts	0x0077, r24
		state2%=6;
     114:	80 91 77 00 	lds	r24, 0x0077
     118:	96 e0       	ldi	r25, 0x06	; 6
     11a:	69 2f       	mov	r22, r25
     11c:	e2 d7       	rcall	.+4036   	; 0x10e2 <__udivmodqi4>
     11e:	89 2f       	mov	r24, r25
     120:	80 93 77 00 	sts	0x0077, r24
	}
}
     124:	ce 5f       	subi	r28, 0xFE	; 254
     126:	cd bf       	out	0x3d, r28	; 61
     128:	cf 91       	pop	r28
     12a:	df 91       	pop	r29
     12c:	08 95       	ret

0000012e <mode1>:

void mode1(void){
     12e:	df 93       	push	r29
     130:	cf 93       	push	r28
     132:	cd b7       	in	r28, 0x3d	; 61
     134:	de b7       	in	r29, 0x3e	; 62
	rainbowfade(1); //Fade 1 step per PWM Cycle
     136:	81 e0       	ldi	r24, 0x01	; 1
     138:	90 e0       	ldi	r25, 0x00	; 0
     13a:	86 df       	rcall	.-244    	; 0x48 <rainbowfade>
}
     13c:	cf 91       	pop	r28
     13e:	df 91       	pop	r29
     140:	08 95       	ret

00000142 <mode2>:

void mode2(void){
     142:	df 93       	push	r29
     144:	cf 93       	push	r28
     146:	cd b7       	in	r28, 0x3d	; 61
     148:	de b7       	in	r29, 0x3e	; 62
     14a:	c3 50       	subi	r28, 0x03	; 3
     14c:	cd bf       	out	0x3d, r28	; 61
	state++;
     14e:	80 91 72 00 	lds	r24, 0x0072
     152:	8f 5f       	subi	r24, 0xFF	; 255
     154:	80 93 72 00 	sts	0x0072, r24
	if (state%128==0){//Every 128 PWM cycles
     158:	80 91 72 00 	lds	r24, 0x0072
     15c:	8f 77       	andi	r24, 0x7F	; 127
     15e:	88 23       	and	r24, r24
     160:	91 f4       	brne	.+36     	; 0x186 <mode2+0x44>
		//Save old colors
		char r=red;
     162:	80 91 74 00 	lds	r24, 0x0074
     166:	89 83       	std	Y+1, r24	; 0x01
		char g=green;
     168:	80 91 73 00 	lds	r24, 0x0073
     16c:	8a 83       	std	Y+2, r24	; 0x02
		char b=blue;
     16e:	80 91 71 00 	lds	r24, 0x0071
     172:	8b 83       	std	Y+3, r24	; 0x03
		//Rotate colors
		red=g;
     174:	8a 81       	ldd	r24, Y+2	; 0x02
     176:	80 93 74 00 	sts	0x0074, r24
		green=b;
     17a:	8b 81       	ldd	r24, Y+3	; 0x03
     17c:	80 93 73 00 	sts	0x0073, r24
		blue=r;
     180:	89 81       	ldd	r24, Y+1	; 0x01
     182:	80 93 71 00 	sts	0x0071, r24
	}
}
     186:	cd 5f       	subi	r28, 0xFD	; 253
     188:	cd bf       	out	0x3d, r28	; 61
     18a:	cf 91       	pop	r28
     18c:	df 91       	pop	r29
     18e:	08 95       	ret

00000190 <mode3>:

void mode3(void){
     190:	df 93       	push	r29
     192:	cf 93       	push	r28
     194:	cd b7       	in	r28, 0x3d	; 61
     196:	de b7       	in	r29, 0x3e	; 62
	state++;
     198:	80 91 72 00 	lds	r24, 0x0072
     19c:	8f 5f       	subi	r24, 0xFF	; 255
     19e:	80 93 72 00 	sts	0x0072, r24
	if (state%128==0){ //Every 128 PWM Cycles
     1a2:	80 91 72 00 	lds	r24, 0x0072
     1a6:	8f 77       	andi	r24, 0x7F	; 127
     1a8:	88 23       	and	r24, r24
     1aa:	19 f4       	brne	.+6      	; 0x1b2 <mode3+0x22>
		rainbowfade(255); //Skip to the next color
     1ac:	8f ef       	ldi	r24, 0xFF	; 255
     1ae:	90 e0       	ldi	r25, 0x00	; 0
     1b0:	4b df       	rcall	.-362    	; 0x48 <rainbowfade>
	}
}
     1b2:	cf 91       	pop	r28
     1b4:	df 91       	pop	r29
     1b6:	08 95       	ret

000001b8 <setmode>:
	mode2,
	mode3,
};
modefn current; //Function pointer for current mode

void setmode(char m){
     1b8:	df 93       	push	r29
     1ba:	cf 93       	push	r28
     1bc:	0f 92       	push	r0
     1be:	cd b7       	in	r28, 0x3d	; 61
     1c0:	de b7       	in	r29, 0x3e	; 62
     1c2:	89 83       	std	Y+1, r24	; 0x01
	//Switch mode to m
	mode=m;
     1c4:	89 81       	ldd	r24, Y+1	; 0x01
     1c6:	80 93 70 00 	sts	0x0070, r24
	
	//Reset state
	red=255;
     1ca:	8f ef       	ldi	r24, 0xFF	; 255
     1cc:	80 93 74 00 	sts	0x0074, r24
	green=0;
     1d0:	10 92 73 00 	sts	0x0073, r1
	blue=0;
     1d4:	10 92 71 00 	sts	0x0071, r1
	state=0;
     1d8:	10 92 72 00 	sts	0x0072, r1
	state2=0;
     1dc:	10 92 77 00 	sts	0x0077, r1
	
	//Set function pointer
	current=modefns[(int)mode];
     1e0:	80 91 70 00 	lds	r24, 0x0070
     1e4:	88 2f       	mov	r24, r24
     1e6:	90 e0       	ldi	r25, 0x00	; 0
     1e8:	88 0f       	add	r24, r24
     1ea:	99 1f       	adc	r25, r25
     1ec:	80 5a       	subi	r24, 0xA0	; 160
     1ee:	9f 4f       	sbci	r25, 0xFF	; 255
     1f0:	fc 01       	movw	r30, r24
     1f2:	80 81       	ld	r24, Z
     1f4:	91 81       	ldd	r25, Z+1	; 0x01
     1f6:	90 93 76 00 	sts	0x0076, r25
     1fa:	80 93 75 00 	sts	0x0075, r24
}
     1fe:	0f 90       	pop	r0
     200:	cf 91       	pop	r28
     202:	df 91       	pop	r29
     204:	08 95       	ret

00000206 <button>:

void button(){ //Called when the button is pressed
     206:	df 93       	push	r29
     208:	cf 93       	push	r28
     20a:	cd b7       	in	r28, 0x3d	; 61
     20c:	de b7       	in	r29, 0x3e	; 62
	setmode((mode+1)%NUM_MODES);
     20e:	80 91 70 00 	lds	r24, 0x0070
     212:	88 2f       	mov	r24, r24
     214:	90 e0       	ldi	r25, 0x00	; 0
     216:	01 96       	adiw	r24, 0x01	; 1
     218:	24 e0       	ldi	r18, 0x04	; 4
     21a:	30 e0       	ldi	r19, 0x00	; 0
     21c:	b9 01       	movw	r22, r18
     21e:	6d d7       	rcall	.+3802   	; 0x10fa <__divmodhi4>
     220:	cb df       	rcall	.-106    	; 0x1b8 <setmode>
}
     222:	cf 91       	pop	r28
     224:	df 91       	pop	r29
     226:	08 95       	ret

00000228 <mode0>:

void mode0(void){
     228:	0f 93       	push	r16
     22a:	1f 93       	push	r17
     22c:	df 93       	push	r29
     22e:	cf 93       	push	r28
     230:	cd b7       	in	r28, 0x3d	; 61
     232:	de b7       	in	r29, 0x3e	; 62
     234:	cd 51       	subi	r28, 0x1D	; 29
     236:	cd bf       	out	0x3d, r28	; 61
	PORT|=BV(PB4); //Turn on debug LED
     238:	88 e3       	ldi	r24, 0x38	; 56
     23a:	90 e0       	ldi	r25, 0x00	; 0
     23c:	28 e3       	ldi	r18, 0x38	; 56
     23e:	30 e0       	ldi	r19, 0x00	; 0
     240:	f9 01       	movw	r30, r18
     242:	20 81       	ld	r18, Z
     244:	20 61       	ori	r18, 0x10	; 16
     246:	fc 01       	movw	r30, r24
     248:	20 83       	st	Z, r18
	PORT|=(BV(REDLED)| BV(BLUELED)| BV(GREENLED)); //Turn off LEDs
     24a:	88 e3       	ldi	r24, 0x38	; 56
     24c:	90 e0       	ldi	r25, 0x00	; 0
     24e:	28 e3       	ldi	r18, 0x38	; 56
     250:	30 e0       	ldi	r19, 0x00	; 0
     252:	f9 01       	movw	r30, r18
     254:	20 81       	ld	r18, Z
     256:	27 60       	ori	r18, 0x07	; 7
     258:	fc 01       	movw	r30, r24
     25a:	20 83       	st	Z, r18
	
	unsigned char n=10;
     25c:	8a e0       	ldi	r24, 0x0A	; 10
     25e:	89 83       	std	Y+1, r24	; 0x01
	while (n--) _delay_ms(255); 	//Wait for a bit so it doesn't wake up while
     260:	7a c0       	rjmp	.+244    	; 0x356 <mode0+0x12e>
     262:	80 e0       	ldi	r24, 0x00	; 0
     264:	90 e0       	ldi	r25, 0x00	; 0
     266:	af e7       	ldi	r26, 0x7F	; 127
     268:	b3 e4       	ldi	r27, 0x43	; 67
     26a:	8a 83       	std	Y+2, r24	; 0x02
     26c:	9b 83       	std	Y+3, r25	; 0x03
     26e:	ac 83       	std	Y+4, r26	; 0x04
     270:	bd 83       	std	Y+5, r27	; 0x05
	#endif

	__builtin_avr_delay_cycles(__ticks_dc);

#elif !__HAS_DELAY_CYCLES || (__HAS_DELAY_CYCLES && !defined(__OPTIMIZE__)) || defined (__DELAY_BACKWARD_COMPATIBLE__)
	__tmp = ((F_CPU) / 4e3) * __ms;
     272:	6a 81       	ldd	r22, Y+2	; 0x02
     274:	7b 81       	ldd	r23, Y+3	; 0x03
     276:	8c 81       	ldd	r24, Y+4	; 0x04
     278:	9d 81       	ldd	r25, Y+5	; 0x05
     27a:	20 e0       	ldi	r18, 0x00	; 0
     27c:	30 e0       	ldi	r19, 0x00	; 0
     27e:	4a e7       	ldi	r20, 0x7A	; 122
     280:	53 e4       	ldi	r21, 0x43	; 67
     282:	db d3       	rcall	.+1974   	; 0xa3a <__mulsf3>
     284:	dc 01       	movw	r26, r24
     286:	cb 01       	movw	r24, r22
     288:	8e 83       	std	Y+6, r24	; 0x06
     28a:	9f 83       	std	Y+7, r25	; 0x07
     28c:	a8 87       	std	Y+8, r26	; 0x08
     28e:	b9 87       	std	Y+9, r27	; 0x09
	if (__tmp < 1.0)
     290:	11 e0       	ldi	r17, 0x01	; 1
     292:	6e 81       	ldd	r22, Y+6	; 0x06
     294:	7f 81       	ldd	r23, Y+7	; 0x07
     296:	88 85       	ldd	r24, Y+8	; 0x08
     298:	99 85       	ldd	r25, Y+9	; 0x09
     29a:	20 e0       	ldi	r18, 0x00	; 0
     29c:	30 e0       	ldi	r19, 0x00	; 0
     29e:	40 e8       	ldi	r20, 0x80	; 128
     2a0:	5f e3       	ldi	r21, 0x3F	; 63
     2a2:	16 d5       	rcall	.+2604   	; 0xcd0 <__ltsf2>
     2a4:	88 23       	and	r24, r24
     2a6:	0c f0       	brlt	.+2      	; 0x2aa <mode0+0x82>
     2a8:	10 e0       	ldi	r17, 0x00	; 0
     2aa:	11 23       	and	r17, r17
     2ac:	29 f0       	breq	.+10     	; 0x2b8 <mode0+0x90>
		__ticks = 1;
     2ae:	81 e0       	ldi	r24, 0x01	; 1
     2b0:	90 e0       	ldi	r25, 0x00	; 0
     2b2:	9b 87       	std	Y+11, r25	; 0x0b
     2b4:	8a 87       	std	Y+10, r24	; 0x0a
     2b6:	42 c0       	rjmp	.+132    	; 0x33c <mode0+0x114>
	else if (__tmp > 65535)
     2b8:	11 e0       	ldi	r17, 0x01	; 1
     2ba:	6e 81       	ldd	r22, Y+6	; 0x06
     2bc:	7f 81       	ldd	r23, Y+7	; 0x07
     2be:	88 85       	ldd	r24, Y+8	; 0x08
     2c0:	99 85       	ldd	r25, Y+9	; 0x09
     2c2:	20 e0       	ldi	r18, 0x00	; 0
     2c4:	3f ef       	ldi	r19, 0xFF	; 255
     2c6:	4f e7       	ldi	r20, 0x7F	; 127
     2c8:	57 e4       	ldi	r21, 0x47	; 71
     2ca:	ac d4       	rcall	.+2392   	; 0xc24 <__gtsf2>
     2cc:	18 16       	cp	r1, r24
     2ce:	0c f0       	brlt	.+2      	; 0x2d2 <mode0+0xaa>
     2d0:	10 e0       	ldi	r17, 0x00	; 0
     2d2:	11 23       	and	r17, r17
     2d4:	51 f1       	breq	.+84     	; 0x32a <mode0+0x102>
	{
		//	__ticks = requested delay in 1/10 ms
		__ticks = (uint16_t) (__ms * 10.0);
     2d6:	6a 81       	ldd	r22, Y+2	; 0x02
     2d8:	7b 81       	ldd	r23, Y+3	; 0x03
     2da:	8c 81       	ldd	r24, Y+4	; 0x04
     2dc:	9d 81       	ldd	r25, Y+5	; 0x05
     2de:	20 e0       	ldi	r18, 0x00	; 0
     2e0:	30 e0       	ldi	r19, 0x00	; 0
     2e2:	40 e2       	ldi	r20, 0x20	; 32
     2e4:	51 e4       	ldi	r21, 0x41	; 65
     2e6:	a9 d3       	rcall	.+1874   	; 0xa3a <__mulsf3>
     2e8:	dc 01       	movw	r26, r24
     2ea:	cb 01       	movw	r24, r22
     2ec:	bc 01       	movw	r22, r24
     2ee:	cd 01       	movw	r24, r26
     2f0:	e2 d1       	rcall	.+964    	; 0x6b6 <__fixunssfsi>
     2f2:	dc 01       	movw	r26, r24
     2f4:	cb 01       	movw	r24, r22
     2f6:	9b 87       	std	Y+11, r25	; 0x0b
     2f8:	8a 87       	std	Y+10, r24	; 0x0a
     2fa:	12 c0       	rjmp	.+36     	; 0x320 <mode0+0xf8>
     2fc:	89 e1       	ldi	r24, 0x19	; 25
     2fe:	90 e0       	ldi	r25, 0x00	; 0
     300:	9d 87       	std	Y+13, r25	; 0x0d
     302:	8c 87       	std	Y+12, r24	; 0x0c
    milliseconds can be achieved.
 */
void
_delay_loop_2(uint16_t __count)
{
	__asm__ volatile (
     304:	8c 85       	ldd	r24, Y+12	; 0x0c
     306:	9d 85       	ldd	r25, Y+13	; 0x0d
     308:	8c 01       	movw	r16, r24
     30a:	c8 01       	movw	r24, r16
     30c:	01 97       	sbiw	r24, 0x01	; 1
     30e:	f1 f7       	brne	.-4      	; 0x30c <mode0+0xe4>
     310:	8c 01       	movw	r16, r24
     312:	1d 87       	std	Y+13, r17	; 0x0d
     314:	0c 87       	std	Y+12, r16	; 0x0c
		while(__ticks)
		{
			// wait 1/10 ms
			_delay_loop_2(((F_CPU) / 4e3) / 10);
			__ticks --;
     316:	8a 85       	ldd	r24, Y+10	; 0x0a
     318:	9b 85       	ldd	r25, Y+11	; 0x0b
     31a:	01 97       	sbiw	r24, 0x01	; 1
     31c:	9b 87       	std	Y+11, r25	; 0x0b
     31e:	8a 87       	std	Y+10, r24	; 0x0a
		__ticks = 1;
	else if (__tmp > 65535)
	{
		//	__ticks = requested delay in 1/10 ms
		__ticks = (uint16_t) (__ms * 10.0);
		while(__ticks)
     320:	8a 85       	ldd	r24, Y+10	; 0x0a
     322:	9b 85       	ldd	r25, Y+11	; 0x0b
     324:	00 97       	sbiw	r24, 0x00	; 0
     326:	51 f7       	brne	.-44     	; 0x2fc <mode0+0xd4>
     328:	16 c0       	rjmp	.+44     	; 0x356 <mode0+0x12e>
			__ticks --;
		}
		return;
	}
	else
		__ticks = (uint16_t)__tmp;
     32a:	6e 81       	ldd	r22, Y+6	; 0x06
     32c:	7f 81       	ldd	r23, Y+7	; 0x07
     32e:	88 85       	ldd	r24, Y+8	; 0x08
     330:	99 85       	ldd	r25, Y+9	; 0x09
     332:	c1 d1       	rcall	.+898    	; 0x6b6 <__fixunssfsi>
     334:	dc 01       	movw	r26, r24
     336:	cb 01       	movw	r24, r22
     338:	9b 87       	std	Y+11, r25	; 0x0b
     33a:	8a 87       	std	Y+10, r24	; 0x0a
     33c:	8a 85       	ldd	r24, Y+10	; 0x0a
     33e:	9b 85       	ldd	r25, Y+11	; 0x0b
     340:	9f 87       	std	Y+15, r25	; 0x0f
     342:	8e 87       	std	Y+14, r24	; 0x0e
     344:	8e 85       	ldd	r24, Y+14	; 0x0e
     346:	9f 85       	ldd	r25, Y+15	; 0x0f
     348:	8c 01       	movw	r16, r24
     34a:	f8 01       	movw	r30, r16
     34c:	31 97       	sbiw	r30, 0x01	; 1
     34e:	f1 f7       	brne	.-4      	; 0x34c <mode0+0x124>
     350:	8f 01       	movw	r16, r30
     352:	1f 87       	std	Y+15, r17	; 0x0f
     354:	0e 87       	std	Y+14, r16	; 0x0e
     356:	81 e0       	ldi	r24, 0x01	; 1
     358:	99 81       	ldd	r25, Y+1	; 0x01
     35a:	99 23       	and	r25, r25
     35c:	09 f4       	brne	.+2      	; 0x360 <mode0+0x138>
     35e:	80 e0       	ldi	r24, 0x00	; 0
     360:	99 81       	ldd	r25, Y+1	; 0x01
     362:	91 50       	subi	r25, 0x01	; 1
     364:	99 83       	std	Y+1, r25	; 0x01
     366:	88 23       	and	r24, r24
     368:	09 f0       	breq	.+2      	; 0x36c <mode0+0x144>
     36a:	7b cf       	rjmp	.-266    	; 0x262 <mode0+0x3a>
											//the button is still down
	
	PORT&=~BV(PB4); //Turn off debug LED
     36c:	88 e3       	ldi	r24, 0x38	; 56
     36e:	90 e0       	ldi	r25, 0x00	; 0
     370:	28 e3       	ldi	r18, 0x38	; 56
     372:	30 e0       	ldi	r19, 0x00	; 0
     374:	f9 01       	movw	r30, r18
     376:	20 81       	ld	r18, Z
     378:	2f 7e       	andi	r18, 0xEF	; 239
     37a:	fc 01       	movw	r30, r24
     37c:	20 83       	st	Z, r18
	
	//Enter Sleep Mode
	set_sleep_mode(SLEEP_MODE_PWR_DOWN);
     37e:	85 e5       	ldi	r24, 0x55	; 85
     380:	90 e0       	ldi	r25, 0x00	; 0
     382:	25 e5       	ldi	r18, 0x55	; 85
     384:	30 e0       	ldi	r19, 0x00	; 0
     386:	f9 01       	movw	r30, r18
     388:	20 81       	ld	r18, Z
     38a:	27 7e       	andi	r18, 0xE7	; 231
     38c:	20 61       	ori	r18, 0x10	; 16
     38e:	fc 01       	movw	r30, r24
     390:	20 83       	st	Z, r18
	PCMSK=BV(PCINT3);
     392:	85 e3       	ldi	r24, 0x35	; 53
     394:	90 e0       	ldi	r25, 0x00	; 0
     396:	28 e0       	ldi	r18, 0x08	; 8
     398:	fc 01       	movw	r30, r24
     39a:	20 83       	st	Z, r18
	GIMSK|=BV(PCIE); //Enable PCINTs
     39c:	8b e5       	ldi	r24, 0x5B	; 91
     39e:	90 e0       	ldi	r25, 0x00	; 0
     3a0:	2b e5       	ldi	r18, 0x5B	; 91
     3a2:	30 e0       	ldi	r19, 0x00	; 0
     3a4:	f9 01       	movw	r30, r18
     3a6:	20 81       	ld	r18, Z
     3a8:	20 62       	ori	r18, 0x20	; 32
     3aa:	fc 01       	movw	r30, r24
     3ac:	20 83       	st	Z, r18
	GIFR|=BV(PCIF);//Clear flags
     3ae:	8a e5       	ldi	r24, 0x5A	; 90
     3b0:	90 e0       	ldi	r25, 0x00	; 0
     3b2:	2a e5       	ldi	r18, 0x5A	; 90
     3b4:	30 e0       	ldi	r19, 0x00	; 0
     3b6:	f9 01       	movw	r30, r18
     3b8:	20 81       	ld	r18, Z
     3ba:	20 62       	ori	r18, 0x20	; 32
     3bc:	fc 01       	movw	r30, r24
     3be:	20 83       	st	Z, r18
	sei();
     3c0:	78 94       	sei
	sleep_mode();
     3c2:	85 e5       	ldi	r24, 0x55	; 85
     3c4:	90 e0       	ldi	r25, 0x00	; 0
     3c6:	25 e5       	ldi	r18, 0x55	; 85
     3c8:	30 e0       	ldi	r19, 0x00	; 0
     3ca:	f9 01       	movw	r30, r18
     3cc:	20 81       	ld	r18, Z
     3ce:	20 62       	ori	r18, 0x20	; 32
     3d0:	fc 01       	movw	r30, r24
     3d2:	20 83       	st	Z, r18
     3d4:	88 95       	sleep
     3d6:	85 e5       	ldi	r24, 0x55	; 85
     3d8:	90 e0       	ldi	r25, 0x00	; 0
     3da:	25 e5       	ldi	r18, 0x55	; 85
     3dc:	30 e0       	ldi	r19, 0x00	; 0
     3de:	f9 01       	movw	r30, r18
     3e0:	20 81       	ld	r18, Z
     3e2:	2f 7d       	andi	r18, 0xDF	; 223
     3e4:	fc 01       	movw	r30, r24
     3e6:	20 83       	st	Z, r18
	
	//Now, after awakening...
	
	cli(); // Turn off interrupts
     3e8:	f8 94       	cli
	
	setmode(1); //Switch to mode 1
     3ea:	81 e0       	ldi	r24, 0x01	; 1
     3ec:	e5 de       	rcall	.-566    	; 0x1b8 <setmode>
	while (n>250){ //wait until  button is released
     3ee:	89 c0       	rjmp	.+274    	; 0x502 <mode0+0x2da>
		if ((PIN&BV(BTN))!=0){
     3f0:	86 e3       	ldi	r24, 0x36	; 54
     3f2:	90 e0       	ldi	r25, 0x00	; 0
     3f4:	fc 01       	movw	r30, r24
     3f6:	80 81       	ld	r24, Z
     3f8:	88 2f       	mov	r24, r24
     3fa:	90 e0       	ldi	r25, 0x00	; 0
     3fc:	88 70       	andi	r24, 0x08	; 8
     3fe:	90 70       	andi	r25, 0x00	; 0
     400:	00 97       	sbiw	r24, 0x00	; 0
     402:	21 f0       	breq	.+8      	; 0x40c <mode0+0x1e4>
			n++;
     404:	89 81       	ldd	r24, Y+1	; 0x01
     406:	8f 5f       	subi	r24, 0xFF	; 255
     408:	89 83       	std	Y+1, r24	; 0x01
     40a:	01 c0       	rjmp	.+2      	; 0x40e <mode0+0x1e6>
		}else n=0;
     40c:	19 82       	std	Y+1, r1	; 0x01
     40e:	80 e0       	ldi	r24, 0x00	; 0
     410:	90 e0       	ldi	r25, 0x00	; 0
     412:	a8 ec       	ldi	r26, 0xC8	; 200
     414:	b1 e4       	ldi	r27, 0x41	; 65
     416:	88 8b       	std	Y+16, r24	; 0x10
     418:	99 8b       	std	Y+17, r25	; 0x11
     41a:	aa 8b       	std	Y+18, r26	; 0x12
     41c:	bb 8b       	std	Y+19, r27	; 0x13
	#endif

	__builtin_avr_delay_cycles(__ticks_dc);

#elif !__HAS_DELAY_CYCLES || (__HAS_DELAY_CYCLES && !defined(__OPTIMIZE__)) || defined (__DELAY_BACKWARD_COMPATIBLE__)
	__tmp = ((F_CPU) / 4e3) * __ms;
     41e:	68 89       	ldd	r22, Y+16	; 0x10
     420:	79 89       	ldd	r23, Y+17	; 0x11
     422:	8a 89       	ldd	r24, Y+18	; 0x12
     424:	9b 89       	ldd	r25, Y+19	; 0x13
     426:	20 e0       	ldi	r18, 0x00	; 0
     428:	30 e0       	ldi	r19, 0x00	; 0
     42a:	4a e7       	ldi	r20, 0x7A	; 122
     42c:	53 e4       	ldi	r21, 0x43	; 67
     42e:	05 d3       	rcall	.+1546   	; 0xa3a <__mulsf3>
     430:	dc 01       	movw	r26, r24
     432:	cb 01       	movw	r24, r22
     434:	8c 8b       	std	Y+20, r24	; 0x14
     436:	9d 8b       	std	Y+21, r25	; 0x15
     438:	ae 8b       	std	Y+22, r26	; 0x16
     43a:	bf 8b       	std	Y+23, r27	; 0x17
	if (__tmp < 1.0)
     43c:	11 e0       	ldi	r17, 0x01	; 1
     43e:	6c 89       	ldd	r22, Y+20	; 0x14
     440:	7d 89       	ldd	r23, Y+21	; 0x15
     442:	8e 89       	ldd	r24, Y+22	; 0x16
     444:	9f 89       	ldd	r25, Y+23	; 0x17
     446:	20 e0       	ldi	r18, 0x00	; 0
     448:	30 e0       	ldi	r19, 0x00	; 0
     44a:	40 e8       	ldi	r20, 0x80	; 128
     44c:	5f e3       	ldi	r21, 0x3F	; 63
     44e:	40 d4       	rcall	.+2176   	; 0xcd0 <__ltsf2>
     450:	88 23       	and	r24, r24
     452:	0c f0       	brlt	.+2      	; 0x456 <mode0+0x22e>
     454:	10 e0       	ldi	r17, 0x00	; 0
     456:	11 23       	and	r17, r17
     458:	29 f0       	breq	.+10     	; 0x464 <mode0+0x23c>
		__ticks = 1;
     45a:	81 e0       	ldi	r24, 0x01	; 1
     45c:	90 e0       	ldi	r25, 0x00	; 0
     45e:	99 8f       	std	Y+25, r25	; 0x19
     460:	88 8f       	std	Y+24, r24	; 0x18
     462:	42 c0       	rjmp	.+132    	; 0x4e8 <mode0+0x2c0>
	else if (__tmp > 65535)
     464:	11 e0       	ldi	r17, 0x01	; 1
     466:	6c 89       	ldd	r22, Y+20	; 0x14
     468:	7d 89       	ldd	r23, Y+21	; 0x15
     46a:	8e 89       	ldd	r24, Y+22	; 0x16
     46c:	9f 89       	ldd	r25, Y+23	; 0x17
     46e:	20 e0       	ldi	r18, 0x00	; 0
     470:	3f ef       	ldi	r19, 0xFF	; 255
     472:	4f e7       	ldi	r20, 0x7F	; 127
     474:	57 e4       	ldi	r21, 0x47	; 71
     476:	d6 d3       	rcall	.+1964   	; 0xc24 <__gtsf2>
     478:	18 16       	cp	r1, r24
     47a:	0c f0       	brlt	.+2      	; 0x47e <mode0+0x256>
     47c:	10 e0       	ldi	r17, 0x00	; 0
     47e:	11 23       	and	r17, r17
     480:	51 f1       	breq	.+84     	; 0x4d6 <mode0+0x2ae>
	{
		//	__ticks = requested delay in 1/10 ms
		__ticks = (uint16_t) (__ms * 10.0);
     482:	68 89       	ldd	r22, Y+16	; 0x10
     484:	79 89       	ldd	r23, Y+17	; 0x11
     486:	8a 89       	ldd	r24, Y+18	; 0x12
     488:	9b 89       	ldd	r25, Y+19	; 0x13
     48a:	20 e0       	ldi	r18, 0x00	; 0
     48c:	30 e0       	ldi	r19, 0x00	; 0
     48e:	40 e2       	ldi	r20, 0x20	; 32
     490:	51 e4       	ldi	r21, 0x41	; 65
     492:	d3 d2       	rcall	.+1446   	; 0xa3a <__mulsf3>
     494:	dc 01       	movw	r26, r24
     496:	cb 01       	movw	r24, r22
     498:	bc 01       	movw	r22, r24
     49a:	cd 01       	movw	r24, r26
     49c:	0c d1       	rcall	.+536    	; 0x6b6 <__fixunssfsi>
     49e:	dc 01       	movw	r26, r24
     4a0:	cb 01       	movw	r24, r22
     4a2:	99 8f       	std	Y+25, r25	; 0x19
     4a4:	88 8f       	std	Y+24, r24	; 0x18
     4a6:	12 c0       	rjmp	.+36     	; 0x4cc <mode0+0x2a4>
     4a8:	89 e1       	ldi	r24, 0x19	; 25
     4aa:	90 e0       	ldi	r25, 0x00	; 0
     4ac:	9b 8f       	std	Y+27, r25	; 0x1b
     4ae:	8a 8f       	std	Y+26, r24	; 0x1a
     4b0:	8a 8d       	ldd	r24, Y+26	; 0x1a
     4b2:	9b 8d       	ldd	r25, Y+27	; 0x1b
     4b4:	8c 01       	movw	r16, r24
     4b6:	c8 01       	movw	r24, r16
     4b8:	01 97       	sbiw	r24, 0x01	; 1
     4ba:	f1 f7       	brne	.-4      	; 0x4b8 <mode0+0x290>
     4bc:	8c 01       	movw	r16, r24
     4be:	1b 8f       	std	Y+27, r17	; 0x1b
     4c0:	0a 8f       	std	Y+26, r16	; 0x1a
		while(__ticks)
		{
			// wait 1/10 ms
			_delay_loop_2(((F_CPU) / 4e3) / 10);
			__ticks --;
     4c2:	88 8d       	ldd	r24, Y+24	; 0x18
     4c4:	99 8d       	ldd	r25, Y+25	; 0x19
     4c6:	01 97       	sbiw	r24, 0x01	; 1
     4c8:	99 8f       	std	Y+25, r25	; 0x19
     4ca:	88 8f       	std	Y+24, r24	; 0x18
		__ticks = 1;
	else if (__tmp > 65535)
	{
		//	__ticks = requested delay in 1/10 ms
		__ticks = (uint16_t) (__ms * 10.0);
		while(__ticks)
     4cc:	88 8d       	ldd	r24, Y+24	; 0x18
     4ce:	99 8d       	ldd	r25, Y+25	; 0x19
     4d0:	00 97       	sbiw	r24, 0x00	; 0
     4d2:	51 f7       	brne	.-44     	; 0x4a8 <mode0+0x280>
     4d4:	16 c0       	rjmp	.+44     	; 0x502 <mode0+0x2da>
			__ticks --;
		}
		return;
	}
	else
		__ticks = (uint16_t)__tmp;
     4d6:	6c 89       	ldd	r22, Y+20	; 0x14
     4d8:	7d 89       	ldd	r23, Y+21	; 0x15
     4da:	8e 89       	ldd	r24, Y+22	; 0x16
     4dc:	9f 89       	ldd	r25, Y+23	; 0x17
     4de:	eb d0       	rcall	.+470    	; 0x6b6 <__fixunssfsi>
     4e0:	dc 01       	movw	r26, r24
     4e2:	cb 01       	movw	r24, r22
     4e4:	99 8f       	std	Y+25, r25	; 0x19
     4e6:	88 8f       	std	Y+24, r24	; 0x18
     4e8:	88 8d       	ldd	r24, Y+24	; 0x18
     4ea:	99 8d       	ldd	r25, Y+25	; 0x19
     4ec:	9d 8f       	std	Y+29, r25	; 0x1d
     4ee:	8c 8f       	std	Y+28, r24	; 0x1c
     4f0:	8c 8d       	ldd	r24, Y+28	; 0x1c
     4f2:	9d 8d       	ldd	r25, Y+29	; 0x1d
     4f4:	8c 01       	movw	r16, r24
     4f6:	f8 01       	movw	r30, r16
     4f8:	31 97       	sbiw	r30, 0x01	; 1
     4fa:	f1 f7       	brne	.-4      	; 0x4f8 <mode0+0x2d0>
     4fc:	8f 01       	movw	r16, r30
     4fe:	1d 8f       	std	Y+29, r17	; 0x1d
     500:	0c 8f       	std	Y+28, r16	; 0x1c
	//Now, after awakening...
	
	cli(); // Turn off interrupts
	
	setmode(1); //Switch to mode 1
	while (n>250){ //wait until  button is released
     502:	89 81       	ldd	r24, Y+1	; 0x01
     504:	8b 3f       	cpi	r24, 0xFB	; 251
     506:	08 f0       	brcs	.+2      	; 0x50a <mode0+0x2e2>
     508:	73 cf       	rjmp	.-282    	; 0x3f0 <mode0+0x1c8>
		if ((PIN&BV(BTN))!=0){
			n++;
		}else n=0;
		_delay_ms(25);
	}	
}
     50a:	c3 5e       	subi	r28, 0xE3	; 227
     50c:	cd bf       	out	0x3d, r28	; 61
     50e:	cf 91       	pop	r28
     510:	df 91       	pop	r29
     512:	1f 91       	pop	r17
     514:	0f 91       	pop	r16
     516:	08 95       	ret

00000518 <SIG_PIN_CHANGE0>:

SIGNAL(SIG_PIN_CHANGE0){ //Button change, used to wake from sleep, not while running
     518:	1f 92       	push	r1
     51a:	0f 92       	push	r0
     51c:	0f b6       	in	r0, 0x3f	; 63
     51e:	0f 92       	push	r0
     520:	11 24       	eor	r1, r1
     522:	2f 93       	push	r18
     524:	3f 93       	push	r19
     526:	8f 93       	push	r24
     528:	9f 93       	push	r25
     52a:	ef 93       	push	r30
     52c:	ff 93       	push	r31
     52e:	df 93       	push	r29
     530:	cf 93       	push	r28
     532:	cd b7       	in	r28, 0x3d	; 61
     534:	de b7       	in	r29, 0x3e	; 62
	PORT|=BV(PB4);
     536:	88 e3       	ldi	r24, 0x38	; 56
     538:	90 e0       	ldi	r25, 0x00	; 0
     53a:	28 e3       	ldi	r18, 0x38	; 56
     53c:	30 e0       	ldi	r19, 0x00	; 0
     53e:	f9 01       	movw	r30, r18
     540:	20 81       	ld	r18, Z
     542:	20 61       	ori	r18, 0x10	; 16
     544:	fc 01       	movw	r30, r24
     546:	20 83       	st	Z, r18
}
     548:	cf 91       	pop	r28
     54a:	df 91       	pop	r29
     54c:	ff 91       	pop	r31
     54e:	ef 91       	pop	r30
     550:	9f 91       	pop	r25
     552:	8f 91       	pop	r24
     554:	3f 91       	pop	r19
     556:	2f 91       	pop	r18
     558:	0f 90       	pop	r0
     55a:	0f be       	out	0x3f, r0	; 63
     55c:	0f 90       	pop	r0
     55e:	1f 90       	pop	r1
     560:	18 95       	reti

00000562 <timer>:

void timer(void){ //Called once per PWM Cycle
     562:	df 93       	push	r29
     564:	cf 93       	push	r28
     566:	cd b7       	in	r28, 0x3d	; 61
     568:	de b7       	in	r29, 0x3e	; 62
	current(); //Let the current mode update colors
     56a:	80 91 75 00 	lds	r24, 0x0075
     56e:	90 91 76 00 	lds	r25, 0x0076
     572:	fc 01       	movw	r30, r24
     574:	09 95       	icall
}
     576:	cf 91       	pop	r28
     578:	df 91       	pop	r29
     57a:	08 95       	ret

0000057c <main>:

int main(void){
     57c:	df 93       	push	r29
     57e:	cf 93       	push	r28
     580:	00 d0       	rcall	.+0      	; 0x582 <main+0x6>
     582:	cd b7       	in	r28, 0x3d	; 61
     584:	de b7       	in	r29, 0x3e	; 62
	unsigned char i=0;
     586:	19 82       	std	Y+1, r1	; 0x01
	
	//Set pins to output
	DDR|= BV(DDB2);
     588:	87 e3       	ldi	r24, 0x37	; 55
     58a:	90 e0       	ldi	r25, 0x00	; 0
     58c:	27 e3       	ldi	r18, 0x37	; 55
     58e:	30 e0       	ldi	r19, 0x00	; 0
     590:	f9 01       	movw	r30, r18
     592:	20 81       	ld	r18, Z
     594:	24 60       	ori	r18, 0x04	; 4
     596:	fc 01       	movw	r30, r24
     598:	20 83       	st	Z, r18
	DDR|= BV(DDB1);
     59a:	87 e3       	ldi	r24, 0x37	; 55
     59c:	90 e0       	ldi	r25, 0x00	; 0
     59e:	27 e3       	ldi	r18, 0x37	; 55
     5a0:	30 e0       	ldi	r19, 0x00	; 0
     5a2:	f9 01       	movw	r30, r18
     5a4:	20 81       	ld	r18, Z
     5a6:	22 60       	ori	r18, 0x02	; 2
     5a8:	fc 01       	movw	r30, r24
     5aa:	20 83       	st	Z, r18
	DDR|= BV(DDB0);
     5ac:	87 e3       	ldi	r24, 0x37	; 55
     5ae:	90 e0       	ldi	r25, 0x00	; 0
     5b0:	27 e3       	ldi	r18, 0x37	; 55
     5b2:	30 e0       	ldi	r19, 0x00	; 0
     5b4:	f9 01       	movw	r30, r18
     5b6:	20 81       	ld	r18, Z
     5b8:	21 60       	ori	r18, 0x01	; 1
     5ba:	fc 01       	movw	r30, r24
     5bc:	20 83       	st	Z, r18
	DDR|= BV(DDB4);
     5be:	87 e3       	ldi	r24, 0x37	; 55
     5c0:	90 e0       	ldi	r25, 0x00	; 0
     5c2:	27 e3       	ldi	r18, 0x37	; 55
     5c4:	30 e0       	ldi	r19, 0x00	; 0
     5c6:	f9 01       	movw	r30, r18
     5c8:	20 81       	ld	r18, Z
     5ca:	20 61       	ori	r18, 0x10	; 16
     5cc:	fc 01       	movw	r30, r24
     5ce:	20 83       	st	Z, r18
	
	DDRB&=~BV(DDB3); //Set button to input
     5d0:	87 e3       	ldi	r24, 0x37	; 55
     5d2:	90 e0       	ldi	r25, 0x00	; 0
     5d4:	27 e3       	ldi	r18, 0x37	; 55
     5d6:	30 e0       	ldi	r19, 0x00	; 0
     5d8:	f9 01       	movw	r30, r18
     5da:	20 81       	ld	r18, Z
     5dc:	27 7f       	andi	r18, 0xF7	; 247
     5de:	fc 01       	movw	r30, r24
     5e0:	20 83       	st	Z, r18
	
	unsigned char debounce=0;
     5e2:	1a 82       	std	Y+2, r1	; 0x02
	setmode(1); //Start with mode 1
     5e4:	81 e0       	ldi	r24, 0x01	; 1
     5e6:	e8 dd       	rcall	.-1072   	; 0x1b8 <setmode>
	timer(); //Let mode set initial color
     5e8:	bc df       	rcall	.-136    	; 0x562 <timer>
	
	while (1) {
		//Software PWM
		if (i<red){
     5ea:	80 91 74 00 	lds	r24, 0x0074
     5ee:	99 81       	ldd	r25, Y+1	; 0x01
     5f0:	98 17       	cp	r25, r24
     5f2:	50 f4       	brcc	.+20     	; 0x608 <main+0x8c>
			PORT &=~ BV(REDLED);
     5f4:	88 e3       	ldi	r24, 0x38	; 56
     5f6:	90 e0       	ldi	r25, 0x00	; 0
     5f8:	28 e3       	ldi	r18, 0x38	; 56
     5fa:	30 e0       	ldi	r19, 0x00	; 0
     5fc:	f9 01       	movw	r30, r18
     5fe:	20 81       	ld	r18, Z
     600:	2b 7f       	andi	r18, 0xFB	; 251
     602:	fc 01       	movw	r30, r24
     604:	20 83       	st	Z, r18
     606:	09 c0       	rjmp	.+18     	; 0x61a <main+0x9e>
		}else{
 			PORT|=BV(REDLED);
     608:	88 e3       	ldi	r24, 0x38	; 56
     60a:	90 e0       	ldi	r25, 0x00	; 0
     60c:	28 e3       	ldi	r18, 0x38	; 56
     60e:	30 e0       	ldi	r19, 0x00	; 0
     610:	f9 01       	movw	r30, r18
     612:	20 81       	ld	r18, Z
     614:	24 60       	ori	r18, 0x04	; 4
     616:	fc 01       	movw	r30, r24
     618:	20 83       	st	Z, r18
		}
		if (i<green){
     61a:	80 91 73 00 	lds	r24, 0x0073
     61e:	99 81       	ldd	r25, Y+1	; 0x01
     620:	98 17       	cp	r25, r24
     622:	50 f4       	brcc	.+20     	; 0x638 <main+0xbc>
			PORT &=~ BV(GREENLED);
     624:	88 e3       	ldi	r24, 0x38	; 56
     626:	90 e0       	ldi	r25, 0x00	; 0
     628:	28 e3       	ldi	r18, 0x38	; 56
     62a:	30 e0       	ldi	r19, 0x00	; 0
     62c:	f9 01       	movw	r30, r18
     62e:	20 81       	ld	r18, Z
     630:	2d 7f       	andi	r18, 0xFD	; 253
     632:	fc 01       	movw	r30, r24
     634:	20 83       	st	Z, r18
     636:	09 c0       	rjmp	.+18     	; 0x64a <main+0xce>
		}else{
 			PORT|=BV(GREENLED);
     638:	88 e3       	ldi	r24, 0x38	; 56
     63a:	90 e0       	ldi	r25, 0x00	; 0
     63c:	28 e3       	ldi	r18, 0x38	; 56
     63e:	30 e0       	ldi	r19, 0x00	; 0
     640:	f9 01       	movw	r30, r18
     642:	20 81       	ld	r18, Z
     644:	22 60       	ori	r18, 0x02	; 2
     646:	fc 01       	movw	r30, r24
     648:	20 83       	st	Z, r18
		}
		if (i<blue){
     64a:	80 91 71 00 	lds	r24, 0x0071
     64e:	99 81       	ldd	r25, Y+1	; 0x01
     650:	98 17       	cp	r25, r24
     652:	50 f4       	brcc	.+20     	; 0x668 <main+0xec>
			PORT &=~ BV(BLUELED);
     654:	88 e3       	ldi	r24, 0x38	; 56
     656:	90 e0       	ldi	r25, 0x00	; 0
     658:	28 e3       	ldi	r18, 0x38	; 56
     65a:	30 e0       	ldi	r19, 0x00	; 0
     65c:	f9 01       	movw	r30, r18
     65e:	20 81       	ld	r18, Z
     660:	2e 7f       	andi	r18, 0xFE	; 254
     662:	fc 01       	movw	r30, r24
     664:	20 83       	st	Z, r18
     666:	09 c0       	rjmp	.+18     	; 0x67a <main+0xfe>
		}else{
 			PORT|=BV(BLUELED);
     668:	88 e3       	ldi	r24, 0x38	; 56
     66a:	90 e0       	ldi	r25, 0x00	; 0
     66c:	28 e3       	ldi	r18, 0x38	; 56
     66e:	30 e0       	ldi	r19, 0x00	; 0
     670:	f9 01       	movw	r30, r18
     672:	20 81       	ld	r18, Z
     674:	21 60       	ori	r18, 0x01	; 1
     676:	fc 01       	movw	r30, r24
     678:	20 83       	st	Z, r18
		}
		
		if (i==0){ //After blinking LEDs 255 times
     67a:	89 81       	ldd	r24, Y+1	; 0x01
     67c:	88 23       	and	r24, r24
     67e:	b9 f4       	brne	.+46     	; 0x6ae <main+0x132>
			if ((PIN&BV(BTN))==0 && debounce==0){ //Is button down?
     680:	86 e3       	ldi	r24, 0x36	; 54
     682:	90 e0       	ldi	r25, 0x00	; 0
     684:	fc 01       	movw	r30, r24
     686:	80 81       	ld	r24, Z
     688:	88 2f       	mov	r24, r24
     68a:	90 e0       	ldi	r25, 0x00	; 0
     68c:	88 70       	andi	r24, 0x08	; 8
     68e:	90 70       	andi	r25, 0x00	; 0
     690:	00 97       	sbiw	r24, 0x00	; 0
     692:	31 f4       	brne	.+12     	; 0x6a0 <main+0x124>
     694:	8a 81       	ldd	r24, Y+2	; 0x02
     696:	88 23       	and	r24, r24
     698:	19 f4       	brne	.+6      	; 0x6a0 <main+0x124>
				button();
     69a:	b5 dd       	rcall	.-1174   	; 0x206 <button>
				debounce=1; //Wait for release
     69c:	81 e0       	ldi	r24, 0x01	; 1
     69e:	8a 83       	std	Y+2, r24	; 0x02
			}
			if (debounce) debounce++; //Will wrap to 0 and stop counting
     6a0:	8a 81       	ldd	r24, Y+2	; 0x02
     6a2:	88 23       	and	r24, r24
     6a4:	19 f0       	breq	.+6      	; 0x6ac <main+0x130>
     6a6:	8a 81       	ldd	r24, Y+2	; 0x02
     6a8:	8f 5f       	subi	r24, 0xFF	; 255
     6aa:	8a 83       	std	Y+2, r24	; 0x02
			timer();
     6ac:	5a df       	rcall	.-332    	; 0x562 <timer>
		}
		i++;
     6ae:	89 81       	ldd	r24, Y+1	; 0x01
     6b0:	8f 5f       	subi	r24, 0xFF	; 255
     6b2:	89 83       	std	Y+1, r24	; 0x01
	}
     6b4:	9a cf       	rjmp	.-204    	; 0x5ea <main+0x6e>

000006b6 <__fixunssfsi>:
     6b6:	ef 92       	push	r14
     6b8:	ff 92       	push	r15
     6ba:	0f 93       	push	r16
     6bc:	1f 93       	push	r17
     6be:	7b 01       	movw	r14, r22
     6c0:	8c 01       	movw	r16, r24
     6c2:	20 e0       	ldi	r18, 0x00	; 0
     6c4:	30 e0       	ldi	r19, 0x00	; 0
     6c6:	40 e0       	ldi	r20, 0x00	; 0
     6c8:	5f e4       	ldi	r21, 0x4F	; 79
     6ca:	d7 d2       	rcall	.+1454   	; 0xc7a <__gesf2>
     6cc:	87 fd       	sbrc	r24, 7
     6ce:	0f c0       	rjmp	.+30     	; 0x6ee <__fixunssfsi+0x38>
     6d0:	c8 01       	movw	r24, r16
     6d2:	b7 01       	movw	r22, r14
     6d4:	20 e0       	ldi	r18, 0x00	; 0
     6d6:	30 e0       	ldi	r19, 0x00	; 0
     6d8:	40 e0       	ldi	r20, 0x00	; 0
     6da:	5f e4       	ldi	r21, 0x4F	; 79
     6dc:	83 d1       	rcall	.+774    	; 0x9e4 <__subsf3>
     6de:	23 d3       	rcall	.+1606   	; 0xd26 <__fixsfsi>
     6e0:	9b 01       	movw	r18, r22
     6e2:	ac 01       	movw	r20, r24
     6e4:	20 50       	subi	r18, 0x00	; 0
     6e6:	30 40       	sbci	r19, 0x00	; 0
     6e8:	40 40       	sbci	r20, 0x00	; 0
     6ea:	50 48       	sbci	r21, 0x80	; 128
     6ec:	05 c0       	rjmp	.+10     	; 0x6f8 <__fixunssfsi+0x42>
     6ee:	c8 01       	movw	r24, r16
     6f0:	b7 01       	movw	r22, r14
     6f2:	19 d3       	rcall	.+1586   	; 0xd26 <__fixsfsi>
     6f4:	9b 01       	movw	r18, r22
     6f6:	ac 01       	movw	r20, r24
     6f8:	b9 01       	movw	r22, r18
     6fa:	ca 01       	movw	r24, r20
     6fc:	1f 91       	pop	r17
     6fe:	0f 91       	pop	r16
     700:	ff 90       	pop	r15
     702:	ef 90       	pop	r14
     704:	08 95       	ret

00000706 <_fpadd_parts>:
     706:	a0 e0       	ldi	r26, 0x00	; 0
     708:	b0 e0       	ldi	r27, 0x00	; 0
     70a:	e8 e8       	ldi	r30, 0x88	; 136
     70c:	f3 e0       	ldi	r31, 0x03	; 3
     70e:	20 c5       	rjmp	.+2624   	; 0x1150 <__prologue_saves__+0x8>
     710:	fc 01       	movw	r30, r24
     712:	ea 01       	movw	r28, r20
     714:	80 81       	ld	r24, Z
     716:	82 30       	cpi	r24, 0x02	; 2
     718:	08 f4       	brcc	.+2      	; 0x71c <_fpadd_parts+0x16>
     71a:	38 c1       	rjmp	.+624    	; 0x98c <_fpadd_parts+0x286>
     71c:	db 01       	movw	r26, r22
     71e:	9c 91       	ld	r25, X
     720:	92 30       	cpi	r25, 0x02	; 2
     722:	08 f4       	brcc	.+2      	; 0x726 <_fpadd_parts+0x20>
     724:	30 c1       	rjmp	.+608    	; 0x986 <_fpadd_parts+0x280>
     726:	84 30       	cpi	r24, 0x04	; 4
     728:	59 f4       	brne	.+22     	; 0x740 <_fpadd_parts+0x3a>
     72a:	94 30       	cpi	r25, 0x04	; 4
     72c:	09 f0       	breq	.+2      	; 0x730 <_fpadd_parts+0x2a>
     72e:	2e c1       	rjmp	.+604    	; 0x98c <_fpadd_parts+0x286>
     730:	91 81       	ldd	r25, Z+1	; 0x01
     732:	11 96       	adiw	r26, 0x01	; 1
     734:	8c 91       	ld	r24, X
     736:	11 97       	sbiw	r26, 0x01	; 1
     738:	98 17       	cp	r25, r24
     73a:	09 f0       	breq	.+2      	; 0x73e <_fpadd_parts+0x38>
     73c:	21 c1       	rjmp	.+578    	; 0x980 <_fpadd_parts+0x27a>
     73e:	26 c1       	rjmp	.+588    	; 0x98c <_fpadd_parts+0x286>
     740:	94 30       	cpi	r25, 0x04	; 4
     742:	09 f4       	brne	.+2      	; 0x746 <_fpadd_parts+0x40>
     744:	20 c1       	rjmp	.+576    	; 0x986 <_fpadd_parts+0x280>
     746:	92 30       	cpi	r25, 0x02	; 2
     748:	b1 f4       	brne	.+44     	; 0x776 <_fpadd_parts+0x70>
     74a:	82 30       	cpi	r24, 0x02	; 2
     74c:	09 f0       	breq	.+2      	; 0x750 <_fpadd_parts+0x4a>
     74e:	1e c1       	rjmp	.+572    	; 0x98c <_fpadd_parts+0x286>
     750:	ca 01       	movw	r24, r20
     752:	af 01       	movw	r20, r30
     754:	28 e0       	ldi	r18, 0x08	; 8
     756:	da 01       	movw	r26, r20
     758:	0d 90       	ld	r0, X+
     75a:	ad 01       	movw	r20, r26
     75c:	dc 01       	movw	r26, r24
     75e:	0d 92       	st	X+, r0
     760:	cd 01       	movw	r24, r26
     762:	21 50       	subi	r18, 0x01	; 1
     764:	c1 f7       	brne	.-16     	; 0x756 <_fpadd_parts+0x50>
     766:	db 01       	movw	r26, r22
     768:	11 96       	adiw	r26, 0x01	; 1
     76a:	8c 91       	ld	r24, X
     76c:	11 97       	sbiw	r26, 0x01	; 1
     76e:	91 81       	ldd	r25, Z+1	; 0x01
     770:	89 23       	and	r24, r25
     772:	89 83       	std	Y+1, r24	; 0x01
     774:	0a c1       	rjmp	.+532    	; 0x98a <_fpadd_parts+0x284>
     776:	82 30       	cpi	r24, 0x02	; 2
     778:	09 f4       	brne	.+2      	; 0x77c <_fpadd_parts+0x76>
     77a:	05 c1       	rjmp	.+522    	; 0x986 <_fpadd_parts+0x280>
     77c:	c2 80       	ldd	r12, Z+2	; 0x02
     77e:	d3 80       	ldd	r13, Z+3	; 0x03
     780:	db 01       	movw	r26, r22
     782:	12 96       	adiw	r26, 0x02	; 2
     784:	6d 90       	ld	r6, X+
     786:	7c 90       	ld	r7, X
     788:	13 97       	sbiw	r26, 0x03	; 3
     78a:	24 81       	ldd	r18, Z+4	; 0x04
     78c:	35 81       	ldd	r19, Z+5	; 0x05
     78e:	46 81       	ldd	r20, Z+6	; 0x06
     790:	57 81       	ldd	r21, Z+7	; 0x07
     792:	14 96       	adiw	r26, 0x04	; 4
     794:	ed 90       	ld	r14, X+
     796:	fd 90       	ld	r15, X+
     798:	0d 91       	ld	r16, X+
     79a:	1c 91       	ld	r17, X
     79c:	17 97       	sbiw	r26, 0x07	; 7
     79e:	c6 01       	movw	r24, r12
     7a0:	86 19       	sub	r24, r6
     7a2:	97 09       	sbc	r25, r7
     7a4:	5c 01       	movw	r10, r24
     7a6:	97 ff       	sbrs	r25, 7
     7a8:	04 c0       	rjmp	.+8      	; 0x7b2 <_fpadd_parts+0xac>
     7aa:	aa 24       	eor	r10, r10
     7ac:	bb 24       	eor	r11, r11
     7ae:	a8 1a       	sub	r10, r24
     7b0:	b9 0a       	sbc	r11, r25
     7b2:	b0 e2       	ldi	r27, 0x20	; 32
     7b4:	ab 16       	cp	r10, r27
     7b6:	b1 04       	cpc	r11, r1
     7b8:	0c f0       	brlt	.+2      	; 0x7bc <_fpadd_parts+0xb6>
     7ba:	61 c0       	rjmp	.+194    	; 0x87e <_fpadd_parts+0x178>
     7bc:	18 16       	cp	r1, r24
     7be:	19 06       	cpc	r1, r25
     7c0:	6c f5       	brge	.+90     	; 0x81c <_fpadd_parts+0x116>
     7c2:	37 01       	movw	r6, r14
     7c4:	48 01       	movw	r8, r16
     7c6:	0a 2c       	mov	r0, r10
     7c8:	04 c0       	rjmp	.+8      	; 0x7d2 <_fpadd_parts+0xcc>
     7ca:	96 94       	lsr	r9
     7cc:	87 94       	ror	r8
     7ce:	77 94       	ror	r7
     7d0:	67 94       	ror	r6
     7d2:	0a 94       	dec	r0
     7d4:	d2 f7       	brpl	.-12     	; 0x7ca <_fpadd_parts+0xc4>
     7d6:	81 e0       	ldi	r24, 0x01	; 1
     7d8:	90 e0       	ldi	r25, 0x00	; 0
     7da:	a0 e0       	ldi	r26, 0x00	; 0
     7dc:	b0 e0       	ldi	r27, 0x00	; 0
     7de:	0a 2c       	mov	r0, r10
     7e0:	04 c0       	rjmp	.+8      	; 0x7ea <_fpadd_parts+0xe4>
     7e2:	88 0f       	add	r24, r24
     7e4:	99 1f       	adc	r25, r25
     7e6:	aa 1f       	adc	r26, r26
     7e8:	bb 1f       	adc	r27, r27
     7ea:	0a 94       	dec	r0
     7ec:	d2 f7       	brpl	.-12     	; 0x7e2 <_fpadd_parts+0xdc>
     7ee:	01 97       	sbiw	r24, 0x01	; 1
     7f0:	a1 09       	sbc	r26, r1
     7f2:	b1 09       	sbc	r27, r1
     7f4:	8e 21       	and	r24, r14
     7f6:	9f 21       	and	r25, r15
     7f8:	a0 23       	and	r26, r16
     7fa:	b1 23       	and	r27, r17
     7fc:	ee 24       	eor	r14, r14
     7fe:	ff 24       	eor	r15, r15
     800:	87 01       	movw	r16, r14
     802:	e3 94       	inc	r14
     804:	00 97       	sbiw	r24, 0x00	; 0
     806:	a1 05       	cpc	r26, r1
     808:	b1 05       	cpc	r27, r1
     80a:	19 f4       	brne	.+6      	; 0x812 <_fpadd_parts+0x10c>
     80c:	ee 24       	eor	r14, r14
     80e:	ff 24       	eor	r15, r15
     810:	87 01       	movw	r16, r14
     812:	e6 28       	or	r14, r6
     814:	f7 28       	or	r15, r7
     816:	08 29       	or	r16, r8
     818:	19 29       	or	r17, r9
     81a:	3c c0       	rjmp	.+120    	; 0x894 <_fpadd_parts+0x18e>
     81c:	00 97       	sbiw	r24, 0x00	; 0
     81e:	d1 f1       	breq	.+116    	; 0x894 <_fpadd_parts+0x18e>
     820:	ca 0c       	add	r12, r10
     822:	db 1c       	adc	r13, r11
     824:	39 01       	movw	r6, r18
     826:	4a 01       	movw	r8, r20
     828:	0a 2c       	mov	r0, r10
     82a:	04 c0       	rjmp	.+8      	; 0x834 <_fpadd_parts+0x12e>
     82c:	96 94       	lsr	r9
     82e:	87 94       	ror	r8
     830:	77 94       	ror	r7
     832:	67 94       	ror	r6
     834:	0a 94       	dec	r0
     836:	d2 f7       	brpl	.-12     	; 0x82c <_fpadd_parts+0x126>
     838:	81 e0       	ldi	r24, 0x01	; 1
     83a:	90 e0       	ldi	r25, 0x00	; 0
     83c:	a0 e0       	ldi	r26, 0x00	; 0
     83e:	b0 e0       	ldi	r27, 0x00	; 0
     840:	0a 2c       	mov	r0, r10
     842:	04 c0       	rjmp	.+8      	; 0x84c <_fpadd_parts+0x146>
     844:	88 0f       	add	r24, r24
     846:	99 1f       	adc	r25, r25
     848:	aa 1f       	adc	r26, r26
     84a:	bb 1f       	adc	r27, r27
     84c:	0a 94       	dec	r0
     84e:	d2 f7       	brpl	.-12     	; 0x844 <_fpadd_parts+0x13e>
     850:	01 97       	sbiw	r24, 0x01	; 1
     852:	a1 09       	sbc	r26, r1
     854:	b1 09       	sbc	r27, r1
     856:	82 23       	and	r24, r18
     858:	93 23       	and	r25, r19
     85a:	a4 23       	and	r26, r20
     85c:	b5 23       	and	r27, r21
     85e:	21 e0       	ldi	r18, 0x01	; 1
     860:	30 e0       	ldi	r19, 0x00	; 0
     862:	40 e0       	ldi	r20, 0x00	; 0
     864:	50 e0       	ldi	r21, 0x00	; 0
     866:	00 97       	sbiw	r24, 0x00	; 0
     868:	a1 05       	cpc	r26, r1
     86a:	b1 05       	cpc	r27, r1
     86c:	19 f4       	brne	.+6      	; 0x874 <_fpadd_parts+0x16e>
     86e:	20 e0       	ldi	r18, 0x00	; 0
     870:	30 e0       	ldi	r19, 0x00	; 0
     872:	a9 01       	movw	r20, r18
     874:	26 29       	or	r18, r6
     876:	37 29       	or	r19, r7
     878:	48 29       	or	r20, r8
     87a:	59 29       	or	r21, r9
     87c:	0b c0       	rjmp	.+22     	; 0x894 <_fpadd_parts+0x18e>
     87e:	6c 14       	cp	r6, r12
     880:	7d 04       	cpc	r7, r13
     882:	24 f4       	brge	.+8      	; 0x88c <_fpadd_parts+0x186>
     884:	ee 24       	eor	r14, r14
     886:	ff 24       	eor	r15, r15
     888:	87 01       	movw	r16, r14
     88a:	04 c0       	rjmp	.+8      	; 0x894 <_fpadd_parts+0x18e>
     88c:	63 01       	movw	r12, r6
     88e:	20 e0       	ldi	r18, 0x00	; 0
     890:	30 e0       	ldi	r19, 0x00	; 0
     892:	a9 01       	movw	r20, r18
     894:	81 81       	ldd	r24, Z+1	; 0x01
     896:	fb 01       	movw	r30, r22
     898:	91 81       	ldd	r25, Z+1	; 0x01
     89a:	89 17       	cp	r24, r25
     89c:	09 f4       	brne	.+2      	; 0x8a0 <_fpadd_parts+0x19a>
     89e:	45 c0       	rjmp	.+138    	; 0x92a <_fpadd_parts+0x224>
     8a0:	88 23       	and	r24, r24
     8a2:	49 f0       	breq	.+18     	; 0x8b6 <_fpadd_parts+0x1b0>
     8a4:	d8 01       	movw	r26, r16
     8a6:	c7 01       	movw	r24, r14
     8a8:	82 1b       	sub	r24, r18
     8aa:	93 0b       	sbc	r25, r19
     8ac:	a4 0b       	sbc	r26, r20
     8ae:	b5 0b       	sbc	r27, r21
     8b0:	9c 01       	movw	r18, r24
     8b2:	ad 01       	movw	r20, r26
     8b4:	04 c0       	rjmp	.+8      	; 0x8be <_fpadd_parts+0x1b8>
     8b6:	2e 19       	sub	r18, r14
     8b8:	3f 09       	sbc	r19, r15
     8ba:	40 0b       	sbc	r20, r16
     8bc:	51 0b       	sbc	r21, r17
     8be:	57 fd       	sbrc	r21, 7
     8c0:	04 c0       	rjmp	.+8      	; 0x8ca <_fpadd_parts+0x1c4>
     8c2:	19 82       	std	Y+1, r1	; 0x01
     8c4:	db 82       	std	Y+3, r13	; 0x03
     8c6:	ca 82       	std	Y+2, r12	; 0x02
     8c8:	0b c0       	rjmp	.+22     	; 0x8e0 <_fpadd_parts+0x1da>
     8ca:	81 e0       	ldi	r24, 0x01	; 1
     8cc:	89 83       	std	Y+1, r24	; 0x01
     8ce:	db 82       	std	Y+3, r13	; 0x03
     8d0:	ca 82       	std	Y+2, r12	; 0x02
     8d2:	50 95       	com	r21
     8d4:	40 95       	com	r20
     8d6:	30 95       	com	r19
     8d8:	21 95       	neg	r18
     8da:	3f 4f       	sbci	r19, 0xFF	; 255
     8dc:	4f 4f       	sbci	r20, 0xFF	; 255
     8de:	5f 4f       	sbci	r21, 0xFF	; 255
     8e0:	2c 83       	std	Y+4, r18	; 0x04
     8e2:	3d 83       	std	Y+5, r19	; 0x05
     8e4:	4e 83       	std	Y+6, r20	; 0x06
     8e6:	5f 83       	std	Y+7, r21	; 0x07
     8e8:	0d c0       	rjmp	.+26     	; 0x904 <_fpadd_parts+0x1fe>
     8ea:	88 0f       	add	r24, r24
     8ec:	99 1f       	adc	r25, r25
     8ee:	aa 1f       	adc	r26, r26
     8f0:	bb 1f       	adc	r27, r27
     8f2:	8c 83       	std	Y+4, r24	; 0x04
     8f4:	9d 83       	std	Y+5, r25	; 0x05
     8f6:	ae 83       	std	Y+6, r26	; 0x06
     8f8:	bf 83       	std	Y+7, r27	; 0x07
     8fa:	8a 81       	ldd	r24, Y+2	; 0x02
     8fc:	9b 81       	ldd	r25, Y+3	; 0x03
     8fe:	01 97       	sbiw	r24, 0x01	; 1
     900:	9b 83       	std	Y+3, r25	; 0x03
     902:	8a 83       	std	Y+2, r24	; 0x02
     904:	8c 81       	ldd	r24, Y+4	; 0x04
     906:	9d 81       	ldd	r25, Y+5	; 0x05
     908:	ae 81       	ldd	r26, Y+6	; 0x06
     90a:	bf 81       	ldd	r27, Y+7	; 0x07
     90c:	9c 01       	movw	r18, r24
     90e:	ad 01       	movw	r20, r26
     910:	21 50       	subi	r18, 0x01	; 1
     912:	30 40       	sbci	r19, 0x00	; 0
     914:	40 40       	sbci	r20, 0x00	; 0
     916:	50 40       	sbci	r21, 0x00	; 0
     918:	2f 3f       	cpi	r18, 0xFF	; 255
     91a:	ef ef       	ldi	r30, 0xFF	; 255
     91c:	3e 07       	cpc	r19, r30
     91e:	ef ef       	ldi	r30, 0xFF	; 255
     920:	4e 07       	cpc	r20, r30
     922:	ef e3       	ldi	r30, 0x3F	; 63
     924:	5e 07       	cpc	r21, r30
     926:	08 f3       	brcs	.-62     	; 0x8ea <_fpadd_parts+0x1e4>
     928:	0b c0       	rjmp	.+22     	; 0x940 <_fpadd_parts+0x23a>
     92a:	89 83       	std	Y+1, r24	; 0x01
     92c:	db 82       	std	Y+3, r13	; 0x03
     92e:	ca 82       	std	Y+2, r12	; 0x02
     930:	2e 0d       	add	r18, r14
     932:	3f 1d       	adc	r19, r15
     934:	40 1f       	adc	r20, r16
     936:	51 1f       	adc	r21, r17
     938:	2c 83       	std	Y+4, r18	; 0x04
     93a:	3d 83       	std	Y+5, r19	; 0x05
     93c:	4e 83       	std	Y+6, r20	; 0x06
     93e:	5f 83       	std	Y+7, r21	; 0x07
     940:	83 e0       	ldi	r24, 0x03	; 3
     942:	88 83       	st	Y, r24
     944:	2c 81       	ldd	r18, Y+4	; 0x04
     946:	3d 81       	ldd	r19, Y+5	; 0x05
     948:	4e 81       	ldd	r20, Y+6	; 0x06
     94a:	5f 81       	ldd	r21, Y+7	; 0x07
     94c:	57 ff       	sbrs	r21, 7
     94e:	1d c0       	rjmp	.+58     	; 0x98a <_fpadd_parts+0x284>
     950:	da 01       	movw	r26, r20
     952:	c9 01       	movw	r24, r18
     954:	81 70       	andi	r24, 0x01	; 1
     956:	90 70       	andi	r25, 0x00	; 0
     958:	a0 70       	andi	r26, 0x00	; 0
     95a:	b0 70       	andi	r27, 0x00	; 0
     95c:	56 95       	lsr	r21
     95e:	47 95       	ror	r20
     960:	37 95       	ror	r19
     962:	27 95       	ror	r18
     964:	82 2b       	or	r24, r18
     966:	93 2b       	or	r25, r19
     968:	a4 2b       	or	r26, r20
     96a:	b5 2b       	or	r27, r21
     96c:	8c 83       	std	Y+4, r24	; 0x04
     96e:	9d 83       	std	Y+5, r25	; 0x05
     970:	ae 83       	std	Y+6, r26	; 0x06
     972:	bf 83       	std	Y+7, r27	; 0x07
     974:	8a 81       	ldd	r24, Y+2	; 0x02
     976:	9b 81       	ldd	r25, Y+3	; 0x03
     978:	01 96       	adiw	r24, 0x01	; 1
     97a:	9b 83       	std	Y+3, r25	; 0x03
     97c:	8a 83       	std	Y+2, r24	; 0x02
     97e:	05 c0       	rjmp	.+10     	; 0x98a <_fpadd_parts+0x284>
     980:	e8 e6       	ldi	r30, 0x68	; 104
     982:	f0 e0       	ldi	r31, 0x00	; 0
     984:	03 c0       	rjmp	.+6      	; 0x98c <_fpadd_parts+0x286>
     986:	fb 01       	movw	r30, r22
     988:	01 c0       	rjmp	.+2      	; 0x98c <_fpadd_parts+0x286>
     98a:	fe 01       	movw	r30, r28
     98c:	cf 01       	movw	r24, r30
     98e:	cd b7       	in	r28, 0x3d	; 61
     990:	de b7       	in	r29, 0x3e	; 62
     992:	ee e0       	ldi	r30, 0x0E	; 14
     994:	f9 c3       	rjmp	.+2034   	; 0x1188 <__epilogue_restores__+0x8>

00000996 <__addsf3>:
     996:	a0 e2       	ldi	r26, 0x20	; 32
     998:	b0 e0       	ldi	r27, 0x00	; 0
     99a:	e0 ed       	ldi	r30, 0xD0	; 208
     99c:	f4 e0       	ldi	r31, 0x04	; 4
     99e:	e0 c3       	rjmp	.+1984   	; 0x1160 <__prologue_saves__+0x18>
     9a0:	69 83       	std	Y+1, r22	; 0x01
     9a2:	7a 83       	std	Y+2, r23	; 0x02
     9a4:	8b 83       	std	Y+3, r24	; 0x03
     9a6:	9c 83       	std	Y+4, r25	; 0x04
     9a8:	2d 83       	std	Y+5, r18	; 0x05
     9aa:	3e 83       	std	Y+6, r19	; 0x06
     9ac:	4f 83       	std	Y+7, r20	; 0x07
     9ae:	58 87       	std	Y+8, r21	; 0x08
     9b0:	89 e0       	ldi	r24, 0x09	; 9
     9b2:	e8 2e       	mov	r14, r24
     9b4:	f1 2c       	mov	r15, r1
     9b6:	ec 0e       	add	r14, r28
     9b8:	fd 1e       	adc	r15, r29
     9ba:	ce 01       	movw	r24, r28
     9bc:	01 96       	adiw	r24, 0x01	; 1
     9be:	b7 01       	movw	r22, r14
     9c0:	ce d2       	rcall	.+1436   	; 0xf5e <__unpack_f>
     9c2:	8e 01       	movw	r16, r28
     9c4:	0f 5e       	subi	r16, 0xEF	; 239
     9c6:	1f 4f       	sbci	r17, 0xFF	; 255
     9c8:	ce 01       	movw	r24, r28
     9ca:	05 96       	adiw	r24, 0x05	; 5
     9cc:	b8 01       	movw	r22, r16
     9ce:	c7 d2       	rcall	.+1422   	; 0xf5e <__unpack_f>
     9d0:	c7 01       	movw	r24, r14
     9d2:	b8 01       	movw	r22, r16
     9d4:	ae 01       	movw	r20, r28
     9d6:	47 5e       	subi	r20, 0xE7	; 231
     9d8:	5f 4f       	sbci	r21, 0xFF	; 255
     9da:	95 de       	rcall	.-726    	; 0x706 <_fpadd_parts>
     9dc:	f3 d1       	rcall	.+998    	; 0xdc4 <__pack_f>
     9de:	a0 96       	adiw	r28, 0x20	; 32
     9e0:	e6 e0       	ldi	r30, 0x06	; 6
     9e2:	da c3       	rjmp	.+1972   	; 0x1198 <__epilogue_restores__+0x18>

000009e4 <__subsf3>:
     9e4:	a0 e2       	ldi	r26, 0x20	; 32
     9e6:	b0 e0       	ldi	r27, 0x00	; 0
     9e8:	e7 ef       	ldi	r30, 0xF7	; 247
     9ea:	f4 e0       	ldi	r31, 0x04	; 4
     9ec:	b9 c3       	rjmp	.+1906   	; 0x1160 <__prologue_saves__+0x18>
     9ee:	69 83       	std	Y+1, r22	; 0x01
     9f0:	7a 83       	std	Y+2, r23	; 0x02
     9f2:	8b 83       	std	Y+3, r24	; 0x03
     9f4:	9c 83       	std	Y+4, r25	; 0x04
     9f6:	2d 83       	std	Y+5, r18	; 0x05
     9f8:	3e 83       	std	Y+6, r19	; 0x06
     9fa:	4f 83       	std	Y+7, r20	; 0x07
     9fc:	58 87       	std	Y+8, r21	; 0x08
     9fe:	8e 01       	movw	r16, r28
     a00:	07 5f       	subi	r16, 0xF7	; 247
     a02:	1f 4f       	sbci	r17, 0xFF	; 255
     a04:	ce 01       	movw	r24, r28
     a06:	01 96       	adiw	r24, 0x01	; 1
     a08:	b8 01       	movw	r22, r16
     a0a:	a9 d2       	rcall	.+1362   	; 0xf5e <__unpack_f>
     a0c:	91 e1       	ldi	r25, 0x11	; 17
     a0e:	e9 2e       	mov	r14, r25
     a10:	f1 2c       	mov	r15, r1
     a12:	ec 0e       	add	r14, r28
     a14:	fd 1e       	adc	r15, r29
     a16:	ce 01       	movw	r24, r28
     a18:	05 96       	adiw	r24, 0x05	; 5
     a1a:	b7 01       	movw	r22, r14
     a1c:	a0 d2       	rcall	.+1344   	; 0xf5e <__unpack_f>
     a1e:	8a 89       	ldd	r24, Y+18	; 0x12
     a20:	91 e0       	ldi	r25, 0x01	; 1
     a22:	89 27       	eor	r24, r25
     a24:	8a 8b       	std	Y+18, r24	; 0x12
     a26:	c8 01       	movw	r24, r16
     a28:	b7 01       	movw	r22, r14
     a2a:	ae 01       	movw	r20, r28
     a2c:	47 5e       	subi	r20, 0xE7	; 231
     a2e:	5f 4f       	sbci	r21, 0xFF	; 255
     a30:	6a de       	rcall	.-812    	; 0x706 <_fpadd_parts>
     a32:	c8 d1       	rcall	.+912    	; 0xdc4 <__pack_f>
     a34:	a0 96       	adiw	r28, 0x20	; 32
     a36:	e6 e0       	ldi	r30, 0x06	; 6
     a38:	af c3       	rjmp	.+1886   	; 0x1198 <__epilogue_restores__+0x18>

00000a3a <__mulsf3>:
     a3a:	a0 e2       	ldi	r26, 0x20	; 32
     a3c:	b0 e0       	ldi	r27, 0x00	; 0
     a3e:	e2 e2       	ldi	r30, 0x22	; 34
     a40:	f5 e0       	ldi	r31, 0x05	; 5
     a42:	82 c3       	rjmp	.+1796   	; 0x1148 <__prologue_saves__>
     a44:	69 83       	std	Y+1, r22	; 0x01
     a46:	7a 83       	std	Y+2, r23	; 0x02
     a48:	8b 83       	std	Y+3, r24	; 0x03
     a4a:	9c 83       	std	Y+4, r25	; 0x04
     a4c:	2d 83       	std	Y+5, r18	; 0x05
     a4e:	3e 83       	std	Y+6, r19	; 0x06
     a50:	4f 83       	std	Y+7, r20	; 0x07
     a52:	58 87       	std	Y+8, r21	; 0x08
     a54:	ce 01       	movw	r24, r28
     a56:	01 96       	adiw	r24, 0x01	; 1
     a58:	be 01       	movw	r22, r28
     a5a:	67 5f       	subi	r22, 0xF7	; 247
     a5c:	7f 4f       	sbci	r23, 0xFF	; 255
     a5e:	7f d2       	rcall	.+1278   	; 0xf5e <__unpack_f>
     a60:	ce 01       	movw	r24, r28
     a62:	05 96       	adiw	r24, 0x05	; 5
     a64:	be 01       	movw	r22, r28
     a66:	6f 5e       	subi	r22, 0xEF	; 239
     a68:	7f 4f       	sbci	r23, 0xFF	; 255
     a6a:	79 d2       	rcall	.+1266   	; 0xf5e <__unpack_f>
     a6c:	99 85       	ldd	r25, Y+9	; 0x09
     a6e:	92 30       	cpi	r25, 0x02	; 2
     a70:	78 f0       	brcs	.+30     	; 0xa90 <__mulsf3+0x56>
     a72:	89 89       	ldd	r24, Y+17	; 0x11
     a74:	82 30       	cpi	r24, 0x02	; 2
     a76:	c0 f0       	brcs	.+48     	; 0xaa8 <__mulsf3+0x6e>
     a78:	94 30       	cpi	r25, 0x04	; 4
     a7a:	19 f4       	brne	.+6      	; 0xa82 <__mulsf3+0x48>
     a7c:	82 30       	cpi	r24, 0x02	; 2
     a7e:	41 f4       	brne	.+16     	; 0xa90 <__mulsf3+0x56>
     a80:	cb c0       	rjmp	.+406    	; 0xc18 <__mulsf3+0x1de>
     a82:	84 30       	cpi	r24, 0x04	; 4
     a84:	19 f4       	brne	.+6      	; 0xa8c <__mulsf3+0x52>
     a86:	92 30       	cpi	r25, 0x02	; 2
     a88:	79 f4       	brne	.+30     	; 0xaa8 <__mulsf3+0x6e>
     a8a:	c6 c0       	rjmp	.+396    	; 0xc18 <__mulsf3+0x1de>
     a8c:	92 30       	cpi	r25, 0x02	; 2
     a8e:	51 f4       	brne	.+20     	; 0xaa4 <__mulsf3+0x6a>
     a90:	81 e0       	ldi	r24, 0x01	; 1
     a92:	2a 85       	ldd	r18, Y+10	; 0x0a
     a94:	9a 89       	ldd	r25, Y+18	; 0x12
     a96:	29 17       	cp	r18, r25
     a98:	09 f4       	brne	.+2      	; 0xa9c <__mulsf3+0x62>
     a9a:	80 e0       	ldi	r24, 0x00	; 0
     a9c:	8a 87       	std	Y+10, r24	; 0x0a
     a9e:	ce 01       	movw	r24, r28
     aa0:	09 96       	adiw	r24, 0x09	; 9
     aa2:	bc c0       	rjmp	.+376    	; 0xc1c <__mulsf3+0x1e2>
     aa4:	82 30       	cpi	r24, 0x02	; 2
     aa6:	51 f4       	brne	.+20     	; 0xabc <__mulsf3+0x82>
     aa8:	81 e0       	ldi	r24, 0x01	; 1
     aaa:	2a 85       	ldd	r18, Y+10	; 0x0a
     aac:	9a 89       	ldd	r25, Y+18	; 0x12
     aae:	29 17       	cp	r18, r25
     ab0:	09 f4       	brne	.+2      	; 0xab4 <__mulsf3+0x7a>
     ab2:	80 e0       	ldi	r24, 0x00	; 0
     ab4:	8a 8b       	std	Y+18, r24	; 0x12
     ab6:	ce 01       	movw	r24, r28
     ab8:	41 96       	adiw	r24, 0x11	; 17
     aba:	b0 c0       	rjmp	.+352    	; 0xc1c <__mulsf3+0x1e2>
     abc:	6d 84       	ldd	r6, Y+13	; 0x0d
     abe:	7e 84       	ldd	r7, Y+14	; 0x0e
     ac0:	8f 84       	ldd	r8, Y+15	; 0x0f
     ac2:	98 88       	ldd	r9, Y+16	; 0x10
     ac4:	ed 88       	ldd	r14, Y+21	; 0x15
     ac6:	fe 88       	ldd	r15, Y+22	; 0x16
     ac8:	0f 89       	ldd	r16, Y+23	; 0x17
     aca:	18 8d       	ldd	r17, Y+24	; 0x18
     acc:	e0 e2       	ldi	r30, 0x20	; 32
     ace:	f0 e0       	ldi	r31, 0x00	; 0
     ad0:	80 e0       	ldi	r24, 0x00	; 0
     ad2:	90 e0       	ldi	r25, 0x00	; 0
     ad4:	dc 01       	movw	r26, r24
     ad6:	aa 24       	eor	r10, r10
     ad8:	bb 24       	eor	r11, r11
     ada:	65 01       	movw	r12, r10
     adc:	20 e0       	ldi	r18, 0x00	; 0
     ade:	30 e0       	ldi	r19, 0x00	; 0
     ae0:	a9 01       	movw	r20, r18
     ae2:	b3 01       	movw	r22, r6
     ae4:	61 70       	andi	r22, 0x01	; 1
     ae6:	70 70       	andi	r23, 0x00	; 0
     ae8:	61 15       	cp	r22, r1
     aea:	71 05       	cpc	r23, r1
     aec:	d1 f0       	breq	.+52     	; 0xb22 <__mulsf3+0xe8>
     aee:	2e 0d       	add	r18, r14
     af0:	3f 1d       	adc	r19, r15
     af2:	40 1f       	adc	r20, r16
     af4:	51 1f       	adc	r21, r17
     af6:	15 01       	movw	r2, r10
     af8:	26 01       	movw	r4, r12
     afa:	28 0e       	add	r2, r24
     afc:	39 1e       	adc	r3, r25
     afe:	4a 1e       	adc	r4, r26
     b00:	5b 1e       	adc	r5, r27
     b02:	81 e0       	ldi	r24, 0x01	; 1
     b04:	90 e0       	ldi	r25, 0x00	; 0
     b06:	a0 e0       	ldi	r26, 0x00	; 0
     b08:	b0 e0       	ldi	r27, 0x00	; 0
     b0a:	2e 15       	cp	r18, r14
     b0c:	3f 05       	cpc	r19, r15
     b0e:	40 07       	cpc	r20, r16
     b10:	51 07       	cpc	r21, r17
     b12:	18 f0       	brcs	.+6      	; 0xb1a <__mulsf3+0xe0>
     b14:	80 e0       	ldi	r24, 0x00	; 0
     b16:	90 e0       	ldi	r25, 0x00	; 0
     b18:	dc 01       	movw	r26, r24
     b1a:	82 0d       	add	r24, r2
     b1c:	93 1d       	adc	r25, r3
     b1e:	a4 1d       	adc	r26, r4
     b20:	b5 1d       	adc	r27, r5
     b22:	aa 0c       	add	r10, r10
     b24:	bb 1c       	adc	r11, r11
     b26:	cc 1c       	adc	r12, r12
     b28:	dd 1c       	adc	r13, r13
     b2a:	17 ff       	sbrs	r17, 7
     b2c:	09 c0       	rjmp	.+18     	; 0xb40 <__mulsf3+0x106>
     b2e:	61 e0       	ldi	r22, 0x01	; 1
     b30:	26 2e       	mov	r2, r22
     b32:	31 2c       	mov	r3, r1
     b34:	41 2c       	mov	r4, r1
     b36:	51 2c       	mov	r5, r1
     b38:	a2 28       	or	r10, r2
     b3a:	b3 28       	or	r11, r3
     b3c:	c4 28       	or	r12, r4
     b3e:	d5 28       	or	r13, r5
     b40:	31 97       	sbiw	r30, 0x01	; 1
     b42:	49 f0       	breq	.+18     	; 0xb56 <__mulsf3+0x11c>
     b44:	ee 0c       	add	r14, r14
     b46:	ff 1c       	adc	r15, r15
     b48:	00 1f       	adc	r16, r16
     b4a:	11 1f       	adc	r17, r17
     b4c:	96 94       	lsr	r9
     b4e:	87 94       	ror	r8
     b50:	77 94       	ror	r7
     b52:	67 94       	ror	r6
     b54:	c6 cf       	rjmp	.-116    	; 0xae2 <__mulsf3+0xa8>
     b56:	6b 89       	ldd	r22, Y+19	; 0x13
     b58:	7c 89       	ldd	r23, Y+20	; 0x14
     b5a:	eb 85       	ldd	r30, Y+11	; 0x0b
     b5c:	fc 85       	ldd	r31, Y+12	; 0x0c
     b5e:	6e 0f       	add	r22, r30
     b60:	7f 1f       	adc	r23, r31
     b62:	6e 5f       	subi	r22, 0xFE	; 254
     b64:	7f 4f       	sbci	r23, 0xFF	; 255
     b66:	7c 8f       	std	Y+28, r23	; 0x1c
     b68:	6b 8f       	std	Y+27, r22	; 0x1b
     b6a:	61 e0       	ldi	r22, 0x01	; 1
     b6c:	ea 85       	ldd	r30, Y+10	; 0x0a
     b6e:	7a 89       	ldd	r23, Y+18	; 0x12
     b70:	e7 17       	cp	r30, r23
     b72:	09 f4       	brne	.+2      	; 0xb76 <__mulsf3+0x13c>
     b74:	60 e0       	ldi	r22, 0x00	; 0
     b76:	6a 8f       	std	Y+26, r22	; 0x1a
     b78:	6b 8d       	ldd	r22, Y+27	; 0x1b
     b7a:	7c 8d       	ldd	r23, Y+28	; 0x1c
     b7c:	10 c0       	rjmp	.+32     	; 0xb9e <__mulsf3+0x164>
     b7e:	fc 01       	movw	r30, r24
     b80:	e1 70       	andi	r30, 0x01	; 1
     b82:	f0 70       	andi	r31, 0x00	; 0
     b84:	30 97       	sbiw	r30, 0x00	; 0
     b86:	29 f0       	breq	.+10     	; 0xb92 <__mulsf3+0x158>
     b88:	56 95       	lsr	r21
     b8a:	47 95       	ror	r20
     b8c:	37 95       	ror	r19
     b8e:	27 95       	ror	r18
     b90:	50 68       	ori	r21, 0x80	; 128
     b92:	b6 95       	lsr	r27
     b94:	a7 95       	ror	r26
     b96:	97 95       	ror	r25
     b98:	87 95       	ror	r24
     b9a:	6f 5f       	subi	r22, 0xFF	; 255
     b9c:	7f 4f       	sbci	r23, 0xFF	; 255
     b9e:	b7 fd       	sbrc	r27, 7
     ba0:	ee cf       	rjmp	.-36     	; 0xb7e <__mulsf3+0x144>
     ba2:	0c c0       	rjmp	.+24     	; 0xbbc <__mulsf3+0x182>
     ba4:	88 0f       	add	r24, r24
     ba6:	99 1f       	adc	r25, r25
     ba8:	aa 1f       	adc	r26, r26
     baa:	bb 1f       	adc	r27, r27
     bac:	57 fd       	sbrc	r21, 7
     bae:	81 60       	ori	r24, 0x01	; 1
     bb0:	22 0f       	add	r18, r18
     bb2:	33 1f       	adc	r19, r19
     bb4:	44 1f       	adc	r20, r20
     bb6:	55 1f       	adc	r21, r21
     bb8:	61 50       	subi	r22, 0x01	; 1
     bba:	70 40       	sbci	r23, 0x00	; 0
     bbc:	80 30       	cpi	r24, 0x00	; 0
     bbe:	e0 e0       	ldi	r30, 0x00	; 0
     bc0:	9e 07       	cpc	r25, r30
     bc2:	e0 e0       	ldi	r30, 0x00	; 0
     bc4:	ae 07       	cpc	r26, r30
     bc6:	e0 e4       	ldi	r30, 0x40	; 64
     bc8:	be 07       	cpc	r27, r30
     bca:	60 f3       	brcs	.-40     	; 0xba4 <__mulsf3+0x16a>
     bcc:	6b 8f       	std	Y+27, r22	; 0x1b
     bce:	7c 8f       	std	Y+28, r23	; 0x1c
     bd0:	6f e7       	ldi	r22, 0x7F	; 127
     bd2:	e6 2e       	mov	r14, r22
     bd4:	f1 2c       	mov	r15, r1
     bd6:	01 2d       	mov	r16, r1
     bd8:	11 2d       	mov	r17, r1
     bda:	e8 22       	and	r14, r24
     bdc:	f9 22       	and	r15, r25
     bde:	0a 23       	and	r16, r26
     be0:	1b 23       	and	r17, r27
     be2:	60 e4       	ldi	r22, 0x40	; 64
     be4:	e6 16       	cp	r14, r22
     be6:	f1 04       	cpc	r15, r1
     be8:	01 05       	cpc	r16, r1
     bea:	11 05       	cpc	r17, r1
     bec:	61 f4       	brne	.+24     	; 0xc06 <__mulsf3+0x1cc>
     bee:	87 fd       	sbrc	r24, 7
     bf0:	0a c0       	rjmp	.+20     	; 0xc06 <__mulsf3+0x1cc>
     bf2:	21 15       	cp	r18, r1
     bf4:	31 05       	cpc	r19, r1
     bf6:	41 05       	cpc	r20, r1
     bf8:	51 05       	cpc	r21, r1
     bfa:	29 f0       	breq	.+10     	; 0xc06 <__mulsf3+0x1cc>
     bfc:	80 5c       	subi	r24, 0xC0	; 192
     bfe:	9f 4f       	sbci	r25, 0xFF	; 255
     c00:	af 4f       	sbci	r26, 0xFF	; 255
     c02:	bf 4f       	sbci	r27, 0xFF	; 255
     c04:	80 78       	andi	r24, 0x80	; 128
     c06:	8d 8f       	std	Y+29, r24	; 0x1d
     c08:	9e 8f       	std	Y+30, r25	; 0x1e
     c0a:	af 8f       	std	Y+31, r26	; 0x1f
     c0c:	b8 a3       	std	Y+32, r27	; 0x20
     c0e:	83 e0       	ldi	r24, 0x03	; 3
     c10:	89 8f       	std	Y+25, r24	; 0x19
     c12:	ce 01       	movw	r24, r28
     c14:	49 96       	adiw	r24, 0x19	; 25
     c16:	02 c0       	rjmp	.+4      	; 0xc1c <__mulsf3+0x1e2>
     c18:	88 e6       	ldi	r24, 0x68	; 104
     c1a:	90 e0       	ldi	r25, 0x00	; 0
     c1c:	d3 d0       	rcall	.+422    	; 0xdc4 <__pack_f>
     c1e:	a0 96       	adiw	r28, 0x20	; 32
     c20:	e2 e1       	ldi	r30, 0x12	; 18
     c22:	ae c2       	rjmp	.+1372   	; 0x1180 <__epilogue_restores__>

00000c24 <__gtsf2>:
     c24:	a8 e1       	ldi	r26, 0x18	; 24
     c26:	b0 e0       	ldi	r27, 0x00	; 0
     c28:	e7 e1       	ldi	r30, 0x17	; 23
     c2a:	f6 e0       	ldi	r31, 0x06	; 6
     c2c:	99 c2       	rjmp	.+1330   	; 0x1160 <__prologue_saves__+0x18>
     c2e:	69 83       	std	Y+1, r22	; 0x01
     c30:	7a 83       	std	Y+2, r23	; 0x02
     c32:	8b 83       	std	Y+3, r24	; 0x03
     c34:	9c 83       	std	Y+4, r25	; 0x04
     c36:	2d 83       	std	Y+5, r18	; 0x05
     c38:	3e 83       	std	Y+6, r19	; 0x06
     c3a:	4f 83       	std	Y+7, r20	; 0x07
     c3c:	58 87       	std	Y+8, r21	; 0x08
     c3e:	8e 01       	movw	r16, r28
     c40:	07 5f       	subi	r16, 0xF7	; 247
     c42:	1f 4f       	sbci	r17, 0xFF	; 255
     c44:	ce 01       	movw	r24, r28
     c46:	01 96       	adiw	r24, 0x01	; 1
     c48:	b8 01       	movw	r22, r16
     c4a:	89 d1       	rcall	.+786    	; 0xf5e <__unpack_f>
     c4c:	81 e1       	ldi	r24, 0x11	; 17
     c4e:	e8 2e       	mov	r14, r24
     c50:	f1 2c       	mov	r15, r1
     c52:	ec 0e       	add	r14, r28
     c54:	fd 1e       	adc	r15, r29
     c56:	ce 01       	movw	r24, r28
     c58:	05 96       	adiw	r24, 0x05	; 5
     c5a:	b7 01       	movw	r22, r14
     c5c:	80 d1       	rcall	.+768    	; 0xf5e <__unpack_f>
     c5e:	89 85       	ldd	r24, Y+9	; 0x09
     c60:	82 30       	cpi	r24, 0x02	; 2
     c62:	38 f0       	brcs	.+14     	; 0xc72 <__gtsf2+0x4e>
     c64:	89 89       	ldd	r24, Y+17	; 0x11
     c66:	82 30       	cpi	r24, 0x02	; 2
     c68:	20 f0       	brcs	.+8      	; 0xc72 <__gtsf2+0x4e>
     c6a:	c8 01       	movw	r24, r16
     c6c:	b7 01       	movw	r22, r14
     c6e:	e0 d1       	rcall	.+960    	; 0x1030 <__fpcmp_parts_f>
     c70:	01 c0       	rjmp	.+2      	; 0xc74 <__gtsf2+0x50>
     c72:	8f ef       	ldi	r24, 0xFF	; 255
     c74:	68 96       	adiw	r28, 0x18	; 24
     c76:	e6 e0       	ldi	r30, 0x06	; 6
     c78:	8f c2       	rjmp	.+1310   	; 0x1198 <__epilogue_restores__+0x18>

00000c7a <__gesf2>:
     c7a:	a8 e1       	ldi	r26, 0x18	; 24
     c7c:	b0 e0       	ldi	r27, 0x00	; 0
     c7e:	e2 e4       	ldi	r30, 0x42	; 66
     c80:	f6 e0       	ldi	r31, 0x06	; 6
     c82:	6e c2       	rjmp	.+1244   	; 0x1160 <__prologue_saves__+0x18>
     c84:	69 83       	std	Y+1, r22	; 0x01
     c86:	7a 83       	std	Y+2, r23	; 0x02
     c88:	8b 83       	std	Y+3, r24	; 0x03
     c8a:	9c 83       	std	Y+4, r25	; 0x04
     c8c:	2d 83       	std	Y+5, r18	; 0x05
     c8e:	3e 83       	std	Y+6, r19	; 0x06
     c90:	4f 83       	std	Y+7, r20	; 0x07
     c92:	58 87       	std	Y+8, r21	; 0x08
     c94:	8e 01       	movw	r16, r28
     c96:	07 5f       	subi	r16, 0xF7	; 247
     c98:	1f 4f       	sbci	r17, 0xFF	; 255
     c9a:	ce 01       	movw	r24, r28
     c9c:	01 96       	adiw	r24, 0x01	; 1
     c9e:	b8 01       	movw	r22, r16
     ca0:	5e d1       	rcall	.+700    	; 0xf5e <__unpack_f>
     ca2:	81 e1       	ldi	r24, 0x11	; 17
     ca4:	e8 2e       	mov	r14, r24
     ca6:	f1 2c       	mov	r15, r1
     ca8:	ec 0e       	add	r14, r28
     caa:	fd 1e       	adc	r15, r29
     cac:	ce 01       	movw	r24, r28
     cae:	05 96       	adiw	r24, 0x05	; 5
     cb0:	b7 01       	movw	r22, r14
     cb2:	55 d1       	rcall	.+682    	; 0xf5e <__unpack_f>
     cb4:	89 85       	ldd	r24, Y+9	; 0x09
     cb6:	82 30       	cpi	r24, 0x02	; 2
     cb8:	38 f0       	brcs	.+14     	; 0xcc8 <__gesf2+0x4e>
     cba:	89 89       	ldd	r24, Y+17	; 0x11
     cbc:	82 30       	cpi	r24, 0x02	; 2
     cbe:	20 f0       	brcs	.+8      	; 0xcc8 <__gesf2+0x4e>
     cc0:	c8 01       	movw	r24, r16
     cc2:	b7 01       	movw	r22, r14
     cc4:	b5 d1       	rcall	.+874    	; 0x1030 <__fpcmp_parts_f>
     cc6:	01 c0       	rjmp	.+2      	; 0xcca <__gesf2+0x50>
     cc8:	8f ef       	ldi	r24, 0xFF	; 255
     cca:	68 96       	adiw	r28, 0x18	; 24
     ccc:	e6 e0       	ldi	r30, 0x06	; 6
     cce:	64 c2       	rjmp	.+1224   	; 0x1198 <__epilogue_restores__+0x18>

00000cd0 <__ltsf2>:
     cd0:	a8 e1       	ldi	r26, 0x18	; 24
     cd2:	b0 e0       	ldi	r27, 0x00	; 0
     cd4:	ed e6       	ldi	r30, 0x6D	; 109
     cd6:	f6 e0       	ldi	r31, 0x06	; 6
     cd8:	43 c2       	rjmp	.+1158   	; 0x1160 <__prologue_saves__+0x18>
     cda:	69 83       	std	Y+1, r22	; 0x01
     cdc:	7a 83       	std	Y+2, r23	; 0x02
     cde:	8b 83       	std	Y+3, r24	; 0x03
     ce0:	9c 83       	std	Y+4, r25	; 0x04
     ce2:	2d 83       	std	Y+5, r18	; 0x05
     ce4:	3e 83       	std	Y+6, r19	; 0x06
     ce6:	4f 83       	std	Y+7, r20	; 0x07
     ce8:	58 87       	std	Y+8, r21	; 0x08
     cea:	8e 01       	movw	r16, r28
     cec:	07 5f       	subi	r16, 0xF7	; 247
     cee:	1f 4f       	sbci	r17, 0xFF	; 255
     cf0:	ce 01       	movw	r24, r28
     cf2:	01 96       	adiw	r24, 0x01	; 1
     cf4:	b8 01       	movw	r22, r16
     cf6:	33 d1       	rcall	.+614    	; 0xf5e <__unpack_f>
     cf8:	81 e1       	ldi	r24, 0x11	; 17
     cfa:	e8 2e       	mov	r14, r24
     cfc:	f1 2c       	mov	r15, r1
     cfe:	ec 0e       	add	r14, r28
     d00:	fd 1e       	adc	r15, r29
     d02:	ce 01       	movw	r24, r28
     d04:	05 96       	adiw	r24, 0x05	; 5
     d06:	b7 01       	movw	r22, r14
     d08:	2a d1       	rcall	.+596    	; 0xf5e <__unpack_f>
     d0a:	89 85       	ldd	r24, Y+9	; 0x09
     d0c:	82 30       	cpi	r24, 0x02	; 2
     d0e:	38 f0       	brcs	.+14     	; 0xd1e <__ltsf2+0x4e>
     d10:	89 89       	ldd	r24, Y+17	; 0x11
     d12:	82 30       	cpi	r24, 0x02	; 2
     d14:	20 f0       	brcs	.+8      	; 0xd1e <__ltsf2+0x4e>
     d16:	c8 01       	movw	r24, r16
     d18:	b7 01       	movw	r22, r14
     d1a:	8a d1       	rcall	.+788    	; 0x1030 <__fpcmp_parts_f>
     d1c:	01 c0       	rjmp	.+2      	; 0xd20 <__ltsf2+0x50>
     d1e:	81 e0       	ldi	r24, 0x01	; 1
     d20:	68 96       	adiw	r28, 0x18	; 24
     d22:	e6 e0       	ldi	r30, 0x06	; 6
     d24:	39 c2       	rjmp	.+1138   	; 0x1198 <__epilogue_restores__+0x18>

00000d26 <__fixsfsi>:
     d26:	ac e0       	ldi	r26, 0x0C	; 12
     d28:	b0 e0       	ldi	r27, 0x00	; 0
     d2a:	e8 e9       	ldi	r30, 0x98	; 152
     d2c:	f6 e0       	ldi	r31, 0x06	; 6
     d2e:	1c c2       	rjmp	.+1080   	; 0x1168 <__prologue_saves__+0x20>
     d30:	69 83       	std	Y+1, r22	; 0x01
     d32:	7a 83       	std	Y+2, r23	; 0x02
     d34:	8b 83       	std	Y+3, r24	; 0x03
     d36:	9c 83       	std	Y+4, r25	; 0x04
     d38:	ce 01       	movw	r24, r28
     d3a:	01 96       	adiw	r24, 0x01	; 1
     d3c:	be 01       	movw	r22, r28
     d3e:	6b 5f       	subi	r22, 0xFB	; 251
     d40:	7f 4f       	sbci	r23, 0xFF	; 255
     d42:	0d d1       	rcall	.+538    	; 0xf5e <__unpack_f>
     d44:	8d 81       	ldd	r24, Y+5	; 0x05
     d46:	82 30       	cpi	r24, 0x02	; 2
     d48:	81 f1       	breq	.+96     	; 0xdaa <__fixsfsi+0x84>
     d4a:	82 30       	cpi	r24, 0x02	; 2
     d4c:	70 f1       	brcs	.+92     	; 0xdaa <__fixsfsi+0x84>
     d4e:	84 30       	cpi	r24, 0x04	; 4
     d50:	21 f4       	brne	.+8      	; 0xd5a <__fixsfsi+0x34>
     d52:	8e 81       	ldd	r24, Y+6	; 0x06
     d54:	88 23       	and	r24, r24
     d56:	69 f1       	breq	.+90     	; 0xdb2 <__fixsfsi+0x8c>
     d58:	0a c0       	rjmp	.+20     	; 0xd6e <__fixsfsi+0x48>
     d5a:	2f 81       	ldd	r18, Y+7	; 0x07
     d5c:	38 85       	ldd	r19, Y+8	; 0x08
     d5e:	37 fd       	sbrc	r19, 7
     d60:	24 c0       	rjmp	.+72     	; 0xdaa <__fixsfsi+0x84>
     d62:	6e 81       	ldd	r22, Y+6	; 0x06
     d64:	2f 31       	cpi	r18, 0x1F	; 31
     d66:	31 05       	cpc	r19, r1
     d68:	3c f0       	brlt	.+14     	; 0xd78 <__fixsfsi+0x52>
     d6a:	66 23       	and	r22, r22
     d6c:	11 f1       	breq	.+68     	; 0xdb2 <__fixsfsi+0x8c>
     d6e:	20 e0       	ldi	r18, 0x00	; 0
     d70:	30 e0       	ldi	r19, 0x00	; 0
     d72:	40 e0       	ldi	r20, 0x00	; 0
     d74:	50 e8       	ldi	r21, 0x80	; 128
     d76:	21 c0       	rjmp	.+66     	; 0xdba <__fixsfsi+0x94>
     d78:	8e e1       	ldi	r24, 0x1E	; 30
     d7a:	90 e0       	ldi	r25, 0x00	; 0
     d7c:	82 1b       	sub	r24, r18
     d7e:	93 0b       	sbc	r25, r19
     d80:	29 85       	ldd	r18, Y+9	; 0x09
     d82:	3a 85       	ldd	r19, Y+10	; 0x0a
     d84:	4b 85       	ldd	r20, Y+11	; 0x0b
     d86:	5c 85       	ldd	r21, Y+12	; 0x0c
     d88:	04 c0       	rjmp	.+8      	; 0xd92 <__fixsfsi+0x6c>
     d8a:	56 95       	lsr	r21
     d8c:	47 95       	ror	r20
     d8e:	37 95       	ror	r19
     d90:	27 95       	ror	r18
     d92:	8a 95       	dec	r24
     d94:	d2 f7       	brpl	.-12     	; 0xd8a <__fixsfsi+0x64>
     d96:	66 23       	and	r22, r22
     d98:	81 f0       	breq	.+32     	; 0xdba <__fixsfsi+0x94>
     d9a:	50 95       	com	r21
     d9c:	40 95       	com	r20
     d9e:	30 95       	com	r19
     da0:	21 95       	neg	r18
     da2:	3f 4f       	sbci	r19, 0xFF	; 255
     da4:	4f 4f       	sbci	r20, 0xFF	; 255
     da6:	5f 4f       	sbci	r21, 0xFF	; 255
     da8:	08 c0       	rjmp	.+16     	; 0xdba <__fixsfsi+0x94>
     daa:	20 e0       	ldi	r18, 0x00	; 0
     dac:	30 e0       	ldi	r19, 0x00	; 0
     dae:	a9 01       	movw	r20, r18
     db0:	04 c0       	rjmp	.+8      	; 0xdba <__fixsfsi+0x94>
     db2:	2f ef       	ldi	r18, 0xFF	; 255
     db4:	3f ef       	ldi	r19, 0xFF	; 255
     db6:	4f ef       	ldi	r20, 0xFF	; 255
     db8:	5f e7       	ldi	r21, 0x7F	; 127
     dba:	b9 01       	movw	r22, r18
     dbc:	ca 01       	movw	r24, r20
     dbe:	2c 96       	adiw	r28, 0x0c	; 12
     dc0:	e2 e0       	ldi	r30, 0x02	; 2
     dc2:	ee c1       	rjmp	.+988    	; 0x11a0 <__epilogue_restores__+0x20>

00000dc4 <__pack_f>:
     dc4:	ef 92       	push	r14
     dc6:	ff 92       	push	r15
     dc8:	0f 93       	push	r16
     dca:	1f 93       	push	r17
     dcc:	cf 93       	push	r28
     dce:	df 93       	push	r29
     dd0:	fc 01       	movw	r30, r24
     dd2:	24 81       	ldd	r18, Z+4	; 0x04
     dd4:	35 81       	ldd	r19, Z+5	; 0x05
     dd6:	46 81       	ldd	r20, Z+6	; 0x06
     dd8:	57 81       	ldd	r21, Z+7	; 0x07
     dda:	61 81       	ldd	r22, Z+1	; 0x01
     ddc:	80 81       	ld	r24, Z
     dde:	82 30       	cpi	r24, 0x02	; 2
     de0:	20 f4       	brcc	.+8      	; 0xdea <__pack_f+0x26>
     de2:	40 61       	ori	r20, 0x10	; 16
     de4:	ef ef       	ldi	r30, 0xFF	; 255
     de6:	f0 e0       	ldi	r31, 0x00	; 0
     de8:	a3 c0       	rjmp	.+326    	; 0xf30 <__pack_f+0x16c>
     dea:	84 30       	cpi	r24, 0x04	; 4
     dec:	09 f4       	brne	.+2      	; 0xdf0 <__pack_f+0x2c>
     dee:	9b c0       	rjmp	.+310    	; 0xf26 <__pack_f+0x162>
     df0:	82 30       	cpi	r24, 0x02	; 2
     df2:	09 f4       	brne	.+2      	; 0xdf6 <__pack_f+0x32>
     df4:	92 c0       	rjmp	.+292    	; 0xf1a <__pack_f+0x156>
     df6:	21 15       	cp	r18, r1
     df8:	31 05       	cpc	r19, r1
     dfa:	41 05       	cpc	r20, r1
     dfc:	51 05       	cpc	r21, r1
     dfe:	09 f4       	brne	.+2      	; 0xe02 <__pack_f+0x3e>
     e00:	8f c0       	rjmp	.+286    	; 0xf20 <__pack_f+0x15c>
     e02:	02 80       	ldd	r0, Z+2	; 0x02
     e04:	f3 81       	ldd	r31, Z+3	; 0x03
     e06:	e0 2d       	mov	r30, r0
     e08:	8f ef       	ldi	r24, 0xFF	; 255
     e0a:	e2 38       	cpi	r30, 0x82	; 130
     e0c:	f8 07       	cpc	r31, r24
     e0e:	0c f0       	brlt	.+2      	; 0xe12 <__pack_f+0x4e>
     e10:	5a c0       	rjmp	.+180    	; 0xec6 <__pack_f+0x102>
     e12:	c2 e8       	ldi	r28, 0x82	; 130
     e14:	df ef       	ldi	r29, 0xFF	; 255
     e16:	ce 1b       	sub	r28, r30
     e18:	df 0b       	sbc	r29, r31
     e1a:	ca 31       	cpi	r28, 0x1A	; 26
     e1c:	d1 05       	cpc	r29, r1
     e1e:	6c f5       	brge	.+90     	; 0xe7a <__pack_f+0xb6>
     e20:	79 01       	movw	r14, r18
     e22:	8a 01       	movw	r16, r20
     e24:	0c 2e       	mov	r0, r28
     e26:	04 c0       	rjmp	.+8      	; 0xe30 <__pack_f+0x6c>
     e28:	16 95       	lsr	r17
     e2a:	07 95       	ror	r16
     e2c:	f7 94       	ror	r15
     e2e:	e7 94       	ror	r14
     e30:	0a 94       	dec	r0
     e32:	d2 f7       	brpl	.-12     	; 0xe28 <__pack_f+0x64>
     e34:	81 e0       	ldi	r24, 0x01	; 1
     e36:	90 e0       	ldi	r25, 0x00	; 0
     e38:	a0 e0       	ldi	r26, 0x00	; 0
     e3a:	b0 e0       	ldi	r27, 0x00	; 0
     e3c:	0c 2e       	mov	r0, r28
     e3e:	04 c0       	rjmp	.+8      	; 0xe48 <__pack_f+0x84>
     e40:	88 0f       	add	r24, r24
     e42:	99 1f       	adc	r25, r25
     e44:	aa 1f       	adc	r26, r26
     e46:	bb 1f       	adc	r27, r27
     e48:	0a 94       	dec	r0
     e4a:	d2 f7       	brpl	.-12     	; 0xe40 <__pack_f+0x7c>
     e4c:	01 97       	sbiw	r24, 0x01	; 1
     e4e:	a1 09       	sbc	r26, r1
     e50:	b1 09       	sbc	r27, r1
     e52:	82 23       	and	r24, r18
     e54:	93 23       	and	r25, r19
     e56:	a4 23       	and	r26, r20
     e58:	b5 23       	and	r27, r21
     e5a:	21 e0       	ldi	r18, 0x01	; 1
     e5c:	30 e0       	ldi	r19, 0x00	; 0
     e5e:	40 e0       	ldi	r20, 0x00	; 0
     e60:	50 e0       	ldi	r21, 0x00	; 0
     e62:	00 97       	sbiw	r24, 0x00	; 0
     e64:	a1 05       	cpc	r26, r1
     e66:	b1 05       	cpc	r27, r1
     e68:	19 f4       	brne	.+6      	; 0xe70 <__pack_f+0xac>
     e6a:	20 e0       	ldi	r18, 0x00	; 0
     e6c:	30 e0       	ldi	r19, 0x00	; 0
     e6e:	a9 01       	movw	r20, r18
     e70:	2e 29       	or	r18, r14
     e72:	3f 29       	or	r19, r15
     e74:	40 2b       	or	r20, r16
     e76:	51 2b       	or	r21, r17
     e78:	03 c0       	rjmp	.+6      	; 0xe80 <__pack_f+0xbc>
     e7a:	20 e0       	ldi	r18, 0x00	; 0
     e7c:	30 e0       	ldi	r19, 0x00	; 0
     e7e:	a9 01       	movw	r20, r18
     e80:	da 01       	movw	r26, r20
     e82:	c9 01       	movw	r24, r18
     e84:	8f 77       	andi	r24, 0x7F	; 127
     e86:	90 70       	andi	r25, 0x00	; 0
     e88:	a0 70       	andi	r26, 0x00	; 0
     e8a:	b0 70       	andi	r27, 0x00	; 0
     e8c:	80 34       	cpi	r24, 0x40	; 64
     e8e:	91 05       	cpc	r25, r1
     e90:	a1 05       	cpc	r26, r1
     e92:	b1 05       	cpc	r27, r1
     e94:	39 f4       	brne	.+14     	; 0xea4 <__pack_f+0xe0>
     e96:	27 ff       	sbrs	r18, 7
     e98:	09 c0       	rjmp	.+18     	; 0xeac <__pack_f+0xe8>
     e9a:	20 5c       	subi	r18, 0xC0	; 192
     e9c:	3f 4f       	sbci	r19, 0xFF	; 255
     e9e:	4f 4f       	sbci	r20, 0xFF	; 255
     ea0:	5f 4f       	sbci	r21, 0xFF	; 255
     ea2:	04 c0       	rjmp	.+8      	; 0xeac <__pack_f+0xe8>
     ea4:	21 5c       	subi	r18, 0xC1	; 193
     ea6:	3f 4f       	sbci	r19, 0xFF	; 255
     ea8:	4f 4f       	sbci	r20, 0xFF	; 255
     eaa:	5f 4f       	sbci	r21, 0xFF	; 255
     eac:	e1 e0       	ldi	r30, 0x01	; 1
     eae:	f0 e0       	ldi	r31, 0x00	; 0
     eb0:	20 30       	cpi	r18, 0x00	; 0
     eb2:	80 e0       	ldi	r24, 0x00	; 0
     eb4:	38 07       	cpc	r19, r24
     eb6:	80 e0       	ldi	r24, 0x00	; 0
     eb8:	48 07       	cpc	r20, r24
     eba:	80 e4       	ldi	r24, 0x40	; 64
     ebc:	58 07       	cpc	r21, r24
     ebe:	28 f5       	brcc	.+74     	; 0xf0a <__pack_f+0x146>
     ec0:	e0 e0       	ldi	r30, 0x00	; 0
     ec2:	f0 e0       	ldi	r31, 0x00	; 0
     ec4:	22 c0       	rjmp	.+68     	; 0xf0a <__pack_f+0x146>
     ec6:	e0 38       	cpi	r30, 0x80	; 128
     ec8:	f1 05       	cpc	r31, r1
     eca:	6c f5       	brge	.+90     	; 0xf26 <__pack_f+0x162>
     ecc:	e1 58       	subi	r30, 0x81	; 129
     ece:	ff 4f       	sbci	r31, 0xFF	; 255
     ed0:	da 01       	movw	r26, r20
     ed2:	c9 01       	movw	r24, r18
     ed4:	8f 77       	andi	r24, 0x7F	; 127
     ed6:	90 70       	andi	r25, 0x00	; 0
     ed8:	a0 70       	andi	r26, 0x00	; 0
     eda:	b0 70       	andi	r27, 0x00	; 0
     edc:	80 34       	cpi	r24, 0x40	; 64
     ede:	91 05       	cpc	r25, r1
     ee0:	a1 05       	cpc	r26, r1
     ee2:	b1 05       	cpc	r27, r1
     ee4:	39 f4       	brne	.+14     	; 0xef4 <__pack_f+0x130>
     ee6:	27 ff       	sbrs	r18, 7
     ee8:	09 c0       	rjmp	.+18     	; 0xefc <__pack_f+0x138>
     eea:	20 5c       	subi	r18, 0xC0	; 192
     eec:	3f 4f       	sbci	r19, 0xFF	; 255
     eee:	4f 4f       	sbci	r20, 0xFF	; 255
     ef0:	5f 4f       	sbci	r21, 0xFF	; 255
     ef2:	04 c0       	rjmp	.+8      	; 0xefc <__pack_f+0x138>
     ef4:	21 5c       	subi	r18, 0xC1	; 193
     ef6:	3f 4f       	sbci	r19, 0xFF	; 255
     ef8:	4f 4f       	sbci	r20, 0xFF	; 255
     efa:	5f 4f       	sbci	r21, 0xFF	; 255
     efc:	57 ff       	sbrs	r21, 7
     efe:	05 c0       	rjmp	.+10     	; 0xf0a <__pack_f+0x146>
     f00:	56 95       	lsr	r21
     f02:	47 95       	ror	r20
     f04:	37 95       	ror	r19
     f06:	27 95       	ror	r18
     f08:	31 96       	adiw	r30, 0x01	; 1
     f0a:	87 e0       	ldi	r24, 0x07	; 7
     f0c:	56 95       	lsr	r21
     f0e:	47 95       	ror	r20
     f10:	37 95       	ror	r19
     f12:	27 95       	ror	r18
     f14:	8a 95       	dec	r24
     f16:	d1 f7       	brne	.-12     	; 0xf0c <__pack_f+0x148>
     f18:	0b c0       	rjmp	.+22     	; 0xf30 <__pack_f+0x16c>
     f1a:	e0 e0       	ldi	r30, 0x00	; 0
     f1c:	f0 e0       	ldi	r31, 0x00	; 0
     f1e:	05 c0       	rjmp	.+10     	; 0xf2a <__pack_f+0x166>
     f20:	e0 e0       	ldi	r30, 0x00	; 0
     f22:	f0 e0       	ldi	r31, 0x00	; 0
     f24:	05 c0       	rjmp	.+10     	; 0xf30 <__pack_f+0x16c>
     f26:	ef ef       	ldi	r30, 0xFF	; 255
     f28:	f0 e0       	ldi	r31, 0x00	; 0
     f2a:	20 e0       	ldi	r18, 0x00	; 0
     f2c:	30 e0       	ldi	r19, 0x00	; 0
     f2e:	a9 01       	movw	r20, r18
     f30:	8e 2f       	mov	r24, r30
     f32:	87 95       	ror	r24
     f34:	88 27       	eor	r24, r24
     f36:	87 95       	ror	r24
     f38:	94 2f       	mov	r25, r20
     f3a:	9f 77       	andi	r25, 0x7F	; 127
     f3c:	67 95       	ror	r22
     f3e:	66 27       	eor	r22, r22
     f40:	67 95       	ror	r22
     f42:	e6 95       	lsr	r30
     f44:	e2 2e       	mov	r14, r18
     f46:	a9 2f       	mov	r26, r25
     f48:	a8 2b       	or	r26, r24
     f4a:	fe 2f       	mov	r31, r30
     f4c:	f6 2b       	or	r31, r22
     f4e:	62 2f       	mov	r22, r18
     f50:	73 2f       	mov	r23, r19
     f52:	8a 2f       	mov	r24, r26
     f54:	9f 2f       	mov	r25, r31
     f56:	cd b7       	in	r28, 0x3d	; 61
     f58:	de b7       	in	r29, 0x3e	; 62
     f5a:	e6 e0       	ldi	r30, 0x06	; 6
     f5c:	1d c1       	rjmp	.+570    	; 0x1198 <__epilogue_restores__+0x18>

00000f5e <__unpack_f>:
     f5e:	dc 01       	movw	r26, r24
     f60:	fb 01       	movw	r30, r22
     f62:	2c 91       	ld	r18, X
     f64:	11 96       	adiw	r26, 0x01	; 1
     f66:	3c 91       	ld	r19, X
     f68:	11 97       	sbiw	r26, 0x01	; 1
     f6a:	12 96       	adiw	r26, 0x02	; 2
     f6c:	8c 91       	ld	r24, X
     f6e:	12 97       	sbiw	r26, 0x02	; 2
     f70:	48 2f       	mov	r20, r24
     f72:	4f 77       	andi	r20, 0x7F	; 127
     f74:	50 e0       	ldi	r21, 0x00	; 0
     f76:	98 2f       	mov	r25, r24
     f78:	99 1f       	adc	r25, r25
     f7a:	99 27       	eor	r25, r25
     f7c:	99 1f       	adc	r25, r25
     f7e:	13 96       	adiw	r26, 0x03	; 3
     f80:	6c 91       	ld	r22, X
     f82:	13 97       	sbiw	r26, 0x03	; 3
     f84:	86 2f       	mov	r24, r22
     f86:	88 0f       	add	r24, r24
     f88:	89 2b       	or	r24, r25
     f8a:	90 e0       	ldi	r25, 0x00	; 0
     f8c:	66 1f       	adc	r22, r22
     f8e:	66 27       	eor	r22, r22
     f90:	66 1f       	adc	r22, r22
     f92:	61 83       	std	Z+1, r22	; 0x01
     f94:	00 97       	sbiw	r24, 0x00	; 0
     f96:	39 f5       	brne	.+78     	; 0xfe6 <__unpack_f+0x88>
     f98:	21 15       	cp	r18, r1
     f9a:	31 05       	cpc	r19, r1
     f9c:	41 05       	cpc	r20, r1
     f9e:	51 05       	cpc	r21, r1
     fa0:	11 f4       	brne	.+4      	; 0xfa6 <__unpack_f+0x48>
     fa2:	82 e0       	ldi	r24, 0x02	; 2
     fa4:	29 c0       	rjmp	.+82     	; 0xff8 <__unpack_f+0x9a>
     fa6:	82 e8       	ldi	r24, 0x82	; 130
     fa8:	9f ef       	ldi	r25, 0xFF	; 255
     faa:	93 83       	std	Z+3, r25	; 0x03
     fac:	82 83       	std	Z+2, r24	; 0x02
     fae:	67 e0       	ldi	r22, 0x07	; 7
     fb0:	22 0f       	add	r18, r18
     fb2:	33 1f       	adc	r19, r19
     fb4:	44 1f       	adc	r20, r20
     fb6:	55 1f       	adc	r21, r21
     fb8:	6a 95       	dec	r22
     fba:	d1 f7       	brne	.-12     	; 0xfb0 <__unpack_f+0x52>
     fbc:	83 e0       	ldi	r24, 0x03	; 3
     fbe:	80 83       	st	Z, r24
     fc0:	09 c0       	rjmp	.+18     	; 0xfd4 <__unpack_f+0x76>
     fc2:	22 0f       	add	r18, r18
     fc4:	33 1f       	adc	r19, r19
     fc6:	44 1f       	adc	r20, r20
     fc8:	55 1f       	adc	r21, r21
     fca:	82 81       	ldd	r24, Z+2	; 0x02
     fcc:	93 81       	ldd	r25, Z+3	; 0x03
     fce:	01 97       	sbiw	r24, 0x01	; 1
     fd0:	93 83       	std	Z+3, r25	; 0x03
     fd2:	82 83       	std	Z+2, r24	; 0x02
     fd4:	20 30       	cpi	r18, 0x00	; 0
     fd6:	80 e0       	ldi	r24, 0x00	; 0
     fd8:	38 07       	cpc	r19, r24
     fda:	80 e0       	ldi	r24, 0x00	; 0
     fdc:	48 07       	cpc	r20, r24
     fde:	80 e4       	ldi	r24, 0x40	; 64
     fe0:	58 07       	cpc	r21, r24
     fe2:	78 f3       	brcs	.-34     	; 0xfc2 <__unpack_f+0x64>
     fe4:	20 c0       	rjmp	.+64     	; 0x1026 <__unpack_f+0xc8>
     fe6:	8f 3f       	cpi	r24, 0xFF	; 255
     fe8:	91 05       	cpc	r25, r1
     fea:	79 f4       	brne	.+30     	; 0x100a <__unpack_f+0xac>
     fec:	21 15       	cp	r18, r1
     fee:	31 05       	cpc	r19, r1
     ff0:	41 05       	cpc	r20, r1
     ff2:	51 05       	cpc	r21, r1
     ff4:	19 f4       	brne	.+6      	; 0xffc <__unpack_f+0x9e>
     ff6:	84 e0       	ldi	r24, 0x04	; 4
     ff8:	80 83       	st	Z, r24
     ffa:	08 95       	ret
     ffc:	44 ff       	sbrs	r20, 4
     ffe:	03 c0       	rjmp	.+6      	; 0x1006 <__unpack_f+0xa8>
    1000:	81 e0       	ldi	r24, 0x01	; 1
    1002:	80 83       	st	Z, r24
    1004:	10 c0       	rjmp	.+32     	; 0x1026 <__unpack_f+0xc8>
    1006:	10 82       	st	Z, r1
    1008:	0e c0       	rjmp	.+28     	; 0x1026 <__unpack_f+0xc8>
    100a:	8f 57       	subi	r24, 0x7F	; 127
    100c:	90 40       	sbci	r25, 0x00	; 0
    100e:	93 83       	std	Z+3, r25	; 0x03
    1010:	82 83       	std	Z+2, r24	; 0x02
    1012:	83 e0       	ldi	r24, 0x03	; 3
    1014:	80 83       	st	Z, r24
    1016:	87 e0       	ldi	r24, 0x07	; 7
    1018:	22 0f       	add	r18, r18
    101a:	33 1f       	adc	r19, r19
    101c:	44 1f       	adc	r20, r20
    101e:	55 1f       	adc	r21, r21
    1020:	8a 95       	dec	r24
    1022:	d1 f7       	brne	.-12     	; 0x1018 <__unpack_f+0xba>
    1024:	50 64       	ori	r21, 0x40	; 64
    1026:	24 83       	std	Z+4, r18	; 0x04
    1028:	35 83       	std	Z+5, r19	; 0x05
    102a:	46 83       	std	Z+6, r20	; 0x06
    102c:	57 83       	std	Z+7, r21	; 0x07
    102e:	08 95       	ret

00001030 <__fpcmp_parts_f>:
    1030:	fc 01       	movw	r30, r24
    1032:	db 01       	movw	r26, r22
    1034:	90 81       	ld	r25, Z
    1036:	92 30       	cpi	r25, 0x02	; 2
    1038:	08 f4       	brcc	.+2      	; 0x103c <__fpcmp_parts_f+0xc>
    103a:	49 c0       	rjmp	.+146    	; 0x10ce <__fpcmp_parts_f+0x9e>
    103c:	8c 91       	ld	r24, X
    103e:	82 30       	cpi	r24, 0x02	; 2
    1040:	08 f4       	brcc	.+2      	; 0x1044 <__fpcmp_parts_f+0x14>
    1042:	45 c0       	rjmp	.+138    	; 0x10ce <__fpcmp_parts_f+0x9e>
    1044:	94 30       	cpi	r25, 0x04	; 4
    1046:	51 f4       	brne	.+20     	; 0x105c <__fpcmp_parts_f+0x2c>
    1048:	61 81       	ldd	r22, Z+1	; 0x01
    104a:	84 30       	cpi	r24, 0x04	; 4
    104c:	b1 f5       	brne	.+108    	; 0x10ba <__fpcmp_parts_f+0x8a>
    104e:	11 96       	adiw	r26, 0x01	; 1
    1050:	2c 91       	ld	r18, X
    1052:	11 97       	sbiw	r26, 0x01	; 1
    1054:	30 e0       	ldi	r19, 0x00	; 0
    1056:	26 1b       	sub	r18, r22
    1058:	31 09       	sbc	r19, r1
    105a:	41 c0       	rjmp	.+130    	; 0x10de <__fpcmp_parts_f+0xae>
    105c:	84 30       	cpi	r24, 0x04	; 4
    105e:	21 f0       	breq	.+8      	; 0x1068 <__fpcmp_parts_f+0x38>
    1060:	92 30       	cpi	r25, 0x02	; 2
    1062:	41 f4       	brne	.+16     	; 0x1074 <__fpcmp_parts_f+0x44>
    1064:	82 30       	cpi	r24, 0x02	; 2
    1066:	b1 f1       	breq	.+108    	; 0x10d4 <__fpcmp_parts_f+0xa4>
    1068:	11 96       	adiw	r26, 0x01	; 1
    106a:	8c 91       	ld	r24, X
    106c:	11 97       	sbiw	r26, 0x01	; 1
    106e:	88 23       	and	r24, r24
    1070:	a1 f1       	breq	.+104    	; 0x10da <__fpcmp_parts_f+0xaa>
    1072:	2d c0       	rjmp	.+90     	; 0x10ce <__fpcmp_parts_f+0x9e>
    1074:	61 81       	ldd	r22, Z+1	; 0x01
    1076:	82 30       	cpi	r24, 0x02	; 2
    1078:	01 f1       	breq	.+64     	; 0x10ba <__fpcmp_parts_f+0x8a>
    107a:	11 96       	adiw	r26, 0x01	; 1
    107c:	8c 91       	ld	r24, X
    107e:	11 97       	sbiw	r26, 0x01	; 1
    1080:	68 17       	cp	r22, r24
    1082:	d9 f4       	brne	.+54     	; 0x10ba <__fpcmp_parts_f+0x8a>
    1084:	22 81       	ldd	r18, Z+2	; 0x02
    1086:	33 81       	ldd	r19, Z+3	; 0x03
    1088:	12 96       	adiw	r26, 0x02	; 2
    108a:	8d 91       	ld	r24, X+
    108c:	9c 91       	ld	r25, X
    108e:	13 97       	sbiw	r26, 0x03	; 3
    1090:	82 17       	cp	r24, r18
    1092:	93 07       	cpc	r25, r19
    1094:	94 f0       	brlt	.+36     	; 0x10ba <__fpcmp_parts_f+0x8a>
    1096:	28 17       	cp	r18, r24
    1098:	39 07       	cpc	r19, r25
    109a:	bc f0       	brlt	.+46     	; 0x10ca <__fpcmp_parts_f+0x9a>
    109c:	24 81       	ldd	r18, Z+4	; 0x04
    109e:	35 81       	ldd	r19, Z+5	; 0x05
    10a0:	46 81       	ldd	r20, Z+6	; 0x06
    10a2:	57 81       	ldd	r21, Z+7	; 0x07
    10a4:	14 96       	adiw	r26, 0x04	; 4
    10a6:	8d 91       	ld	r24, X+
    10a8:	9d 91       	ld	r25, X+
    10aa:	0d 90       	ld	r0, X+
    10ac:	bc 91       	ld	r27, X
    10ae:	a0 2d       	mov	r26, r0
    10b0:	82 17       	cp	r24, r18
    10b2:	93 07       	cpc	r25, r19
    10b4:	a4 07       	cpc	r26, r20
    10b6:	b5 07       	cpc	r27, r21
    10b8:	18 f4       	brcc	.+6      	; 0x10c0 <__fpcmp_parts_f+0x90>
    10ba:	66 23       	and	r22, r22
    10bc:	41 f0       	breq	.+16     	; 0x10ce <__fpcmp_parts_f+0x9e>
    10be:	0d c0       	rjmp	.+26     	; 0x10da <__fpcmp_parts_f+0xaa>
    10c0:	28 17       	cp	r18, r24
    10c2:	39 07       	cpc	r19, r25
    10c4:	4a 07       	cpc	r20, r26
    10c6:	5b 07       	cpc	r21, r27
    10c8:	28 f4       	brcc	.+10     	; 0x10d4 <__fpcmp_parts_f+0xa4>
    10ca:	66 23       	and	r22, r22
    10cc:	31 f0       	breq	.+12     	; 0x10da <__fpcmp_parts_f+0xaa>
    10ce:	21 e0       	ldi	r18, 0x01	; 1
    10d0:	30 e0       	ldi	r19, 0x00	; 0
    10d2:	05 c0       	rjmp	.+10     	; 0x10de <__fpcmp_parts_f+0xae>
    10d4:	20 e0       	ldi	r18, 0x00	; 0
    10d6:	30 e0       	ldi	r19, 0x00	; 0
    10d8:	02 c0       	rjmp	.+4      	; 0x10de <__fpcmp_parts_f+0xae>
    10da:	2f ef       	ldi	r18, 0xFF	; 255
    10dc:	3f ef       	ldi	r19, 0xFF	; 255
    10de:	c9 01       	movw	r24, r18
    10e0:	08 95       	ret

000010e2 <__udivmodqi4>:
    10e2:	99 1b       	sub	r25, r25
    10e4:	79 e0       	ldi	r23, 0x09	; 9
    10e6:	04 c0       	rjmp	.+8      	; 0x10f0 <__udivmodqi4_ep>

000010e8 <__udivmodqi4_loop>:
    10e8:	99 1f       	adc	r25, r25
    10ea:	96 17       	cp	r25, r22
    10ec:	08 f0       	brcs	.+2      	; 0x10f0 <__udivmodqi4_ep>
    10ee:	96 1b       	sub	r25, r22

000010f0 <__udivmodqi4_ep>:
    10f0:	88 1f       	adc	r24, r24
    10f2:	7a 95       	dec	r23
    10f4:	c9 f7       	brne	.-14     	; 0x10e8 <__udivmodqi4_loop>
    10f6:	80 95       	com	r24
    10f8:	08 95       	ret

000010fa <__divmodhi4>:
    10fa:	97 fb       	bst	r25, 7
    10fc:	09 2e       	mov	r0, r25
    10fe:	07 26       	eor	r0, r23
    1100:	0a d0       	rcall	.+20     	; 0x1116 <__divmodhi4_neg1>
    1102:	77 fd       	sbrc	r23, 7
    1104:	04 d0       	rcall	.+8      	; 0x110e <__divmodhi4_neg2>
    1106:	0c d0       	rcall	.+24     	; 0x1120 <__udivmodhi4>
    1108:	06 d0       	rcall	.+12     	; 0x1116 <__divmodhi4_neg1>
    110a:	00 20       	and	r0, r0
    110c:	1a f4       	brpl	.+6      	; 0x1114 <__divmodhi4_exit>

0000110e <__divmodhi4_neg2>:
    110e:	70 95       	com	r23
    1110:	61 95       	neg	r22
    1112:	7f 4f       	sbci	r23, 0xFF	; 255

00001114 <__divmodhi4_exit>:
    1114:	08 95       	ret

00001116 <__divmodhi4_neg1>:
    1116:	f6 f7       	brtc	.-4      	; 0x1114 <__divmodhi4_exit>
    1118:	90 95       	com	r25
    111a:	81 95       	neg	r24
    111c:	9f 4f       	sbci	r25, 0xFF	; 255
    111e:	08 95       	ret

00001120 <__udivmodhi4>:
    1120:	aa 1b       	sub	r26, r26
    1122:	bb 1b       	sub	r27, r27
    1124:	51 e1       	ldi	r21, 0x11	; 17
    1126:	07 c0       	rjmp	.+14     	; 0x1136 <__udivmodhi4_ep>

00001128 <__udivmodhi4_loop>:
    1128:	aa 1f       	adc	r26, r26
    112a:	bb 1f       	adc	r27, r27
    112c:	a6 17       	cp	r26, r22
    112e:	b7 07       	cpc	r27, r23
    1130:	10 f0       	brcs	.+4      	; 0x1136 <__udivmodhi4_ep>
    1132:	a6 1b       	sub	r26, r22
    1134:	b7 0b       	sbc	r27, r23

00001136 <__udivmodhi4_ep>:
    1136:	88 1f       	adc	r24, r24
    1138:	99 1f       	adc	r25, r25
    113a:	5a 95       	dec	r21
    113c:	a9 f7       	brne	.-22     	; 0x1128 <__udivmodhi4_loop>
    113e:	80 95       	com	r24
    1140:	90 95       	com	r25
    1142:	bc 01       	movw	r22, r24
    1144:	cd 01       	movw	r24, r26
    1146:	08 95       	ret

00001148 <__prologue_saves__>:
    1148:	2f 92       	push	r2
    114a:	3f 92       	push	r3
    114c:	4f 92       	push	r4
    114e:	5f 92       	push	r5
    1150:	6f 92       	push	r6
    1152:	7f 92       	push	r7
    1154:	8f 92       	push	r8
    1156:	9f 92       	push	r9
    1158:	af 92       	push	r10
    115a:	bf 92       	push	r11
    115c:	cf 92       	push	r12
    115e:	df 92       	push	r13
    1160:	ef 92       	push	r14
    1162:	ff 92       	push	r15
    1164:	0f 93       	push	r16
    1166:	1f 93       	push	r17
    1168:	cf 93       	push	r28
    116a:	df 93       	push	r29
    116c:	cd b7       	in	r28, 0x3d	; 61
    116e:	de b7       	in	r29, 0x3e	; 62
    1170:	ca 1b       	sub	r28, r26
    1172:	db 0b       	sbc	r29, r27
    1174:	0f b6       	in	r0, 0x3f	; 63
    1176:	f8 94       	cli
    1178:	de bf       	out	0x3e, r29	; 62
    117a:	0f be       	out	0x3f, r0	; 63
    117c:	cd bf       	out	0x3d, r28	; 61
    117e:	09 94       	ijmp

00001180 <__epilogue_restores__>:
    1180:	2a 88       	ldd	r2, Y+18	; 0x12
    1182:	39 88       	ldd	r3, Y+17	; 0x11
    1184:	48 88       	ldd	r4, Y+16	; 0x10
    1186:	5f 84       	ldd	r5, Y+15	; 0x0f
    1188:	6e 84       	ldd	r6, Y+14	; 0x0e
    118a:	7d 84       	ldd	r7, Y+13	; 0x0d
    118c:	8c 84       	ldd	r8, Y+12	; 0x0c
    118e:	9b 84       	ldd	r9, Y+11	; 0x0b
    1190:	aa 84       	ldd	r10, Y+10	; 0x0a
    1192:	b9 84       	ldd	r11, Y+9	; 0x09
    1194:	c8 84       	ldd	r12, Y+8	; 0x08
    1196:	df 80       	ldd	r13, Y+7	; 0x07
    1198:	ee 80       	ldd	r14, Y+6	; 0x06
    119a:	fd 80       	ldd	r15, Y+5	; 0x05
    119c:	0c 81       	ldd	r16, Y+4	; 0x04
    119e:	1b 81       	ldd	r17, Y+3	; 0x03
    11a0:	aa 81       	ldd	r26, Y+2	; 0x02
    11a2:	b9 81       	ldd	r27, Y+1	; 0x01
    11a4:	ce 0f       	add	r28, r30
    11a6:	d1 1d       	adc	r29, r1
    11a8:	0f b6       	in	r0, 0x3f	; 63
    11aa:	f8 94       	cli
    11ac:	de bf       	out	0x3e, r29	; 62
    11ae:	0f be       	out	0x3f, r0	; 63
    11b0:	cd bf       	out	0x3d, r28	; 61
    11b2:	ed 01       	movw	r28, r26
    11b4:	08 95       	ret

000011b6 <_exit>:
    11b6:	f8 94       	cli

000011b8 <__stop_program>:
    11b8:	ff cf       	rjmp	.-2      	; 0x11b8 <__stop_program>
